Id,Label,Degree,Weighted Degree,Eccentricity,closnesscentrality,harmonicclosnesscentrality,betweenesscentrality,Authority,Hub,modularity_class,IATA,Latitude,Longitude
ATL,ATL,153,1496,5,0.468343,0.585031,13225.92824,0.196238,0.196238,0,ATL,33.6367,-84.428101
ORD,ORD,149,752,5,0.507996,0.598827,18792.454415,0.192769,0.192769,0,ORD,41.9786,-87.9048
MIA,MIA,49,242,5,0.423862,0.483488,1196.687949,0.116859,0.116859,0,MIA,25.79319953918457,-80.29060363769531
JFK,JFK,57,327,5,0.427892,0.49213,360.3388,0.129045,0.129045,0,JFK,40.63980103,-73.77890015
MSY,MSY,38,244,6,0.409091,0.467778,83.110629,0.109229,0.109229,0,MSY,29.99340057373047,-90.25800323486328
DEN,DEN,149,653,5,0.510397,0.60037,22764.784271,0.181928,0.181928,2,DEN,39.861698150635,-104.672996521
DFW,DFW,138,657,5,0.460751,0.569907,11948.572881,0.181899,0.181899,6,DFW,32.896801,-97.038002
SFO,SFO,71,298,5,0.434433,0.506636,3759.116794,0.129939,0.129939,2,SFO,37.61899948120117,-122.375
LAX,LAX,85,606,5,0.477454,0.538333,7809.358613,0.146637,0.146637,2,LAX,33.94250107,-118.4079971
JAX,JAX,24,85,6,0.391872,0.441235,3.62111,0.076892,0.076892,0,JAX,30.49410057067871,-81.68789672851562
RDU,RDU,36,149,6,0.406627,0.464074,66.823015,0.104919,0.104919,0,RDU,35.87760162353516,-78.7874984741211
LAS,LAS,113,404,5,0.493151,0.566728,9258.956561,0.170006,0.170006,2,LAS,36.08010101,-115.1520004
PHX,PHX,77,441,5,0.473684,0.530617,5032.985212,0.145233,0.145233,2,PHX,33.43429946899414,-112.01200103759766
IND,IND,32,130,6,0.403889,0.458827,63.547831,0.095726,0.095726,0,IND,39.7173,-86.294403
PHL,PHL,88,412,5,0.440098,0.522068,3409.459573,0.156197,0.156197,0,PHL,39.87189865112305,-75.24109649658203
IAH,IAH,101,287,5,0.445545,0.534722,4551.402163,0.16149,0.16149,6,IAH,29.98439979553223,-95.34140014648438
IAD,IAD,81,214,5,0.435484,0.513735,5261.064521,0.144033,0.144033,0,IAD,38.94449997,-77.45580292
PBI,PBI,19,74,6,0.372928,0.418549,25.631523,0.055984,0.055984,0,PBI,26.68320083618164,-80.09559631347656
CMH,CMH,31,122,6,0.400297,0.454506,19.634618,0.093258,0.093258,0,CMH,39.998001,-82.891899
MCI,MCI,41,155,5,0.423197,0.477932,957.290898,0.11087,0.11087,0,MCI,39.2976,-94.713898
MCO,MCO,74,348,5,0.435484,0.509414,1727.402436,0.146206,0.146206,0,MCO,28.429399490356445,-81.30899810791016
SAN,SAN,50,207,5,0.424862,0.485031,789.777526,0.114535,0.114535,2,SAN,32.7336006165,-117.190002441
FLL,FLL,58,226,5,0.42654,0.491512,1603.765711,0.1258,0.1258,0,FLL,26.072599,-80.152702
HNL,HNL,28,123,5,0.429594,0.464877,2208.667068,0.058777,0.058777,2,HNL,21.32062,-157.924228
DTW,DTW,114,340,5,0.450751,0.547068,5193.158335,0.17456,0.17456,0,DTW,42.212398529052734,-83.35340118408203
RSW,RSW,31,120,6,0.392727,0.446636,127.848564,0.079537,0.079537,0,RSW,26.53619956970215,-81.75520324707031
CLT,CLT,110,477,5,0.449251,0.543364,6263.728451,0.171432,0.171432,0,CLT,35.2140007019043,-80.94309997558594
STL,STL,56,209,5,0.427553,0.491204,4183.028914,0.124429,0.124429,0,STL,38.748697,-90.370003
SJC,SJC,27,104,5,0.402085,0.449074,94.779913,0.062457,0.062457,2,SJC,37.362598,-121.929001
MSP,MSP,117,380,5,0.493151,0.569198,12395.027848,0.171941,0.171941,2,MSP,44.882,-93.221802
TPA,TPA,63,253,5,0.427553,0.495525,678.142168,0.135052,0.135052,0,TPA,27.975500106811523,-82.533203125
LGA,LGA,65,282,6,0.408163,0.483519,472.661492,0.122416,0.122416,0,LGA,40.77719879,-73.87259674
BOS,BOS,70,291,5,0.434084,0.50571,6662.973439,0.138262,0.138262,0,BOS,42.36429977,-71.00520325
OGG,OGG,20,80,5,0.382979,0.424691,1436.286012,0.034913,0.034913,2,OGG,20.8986,-156.429993
BWI,BWI,63,261,5,0.429253,0.497068,482.52772,0.1398,0.1398,0,BWI,39.1754,-76.668297
BDL,BDL,23,93,6,0.38961,0.438302,7.44982,0.070697,0.070697,0,BDL,41.9388999939,-72.68319702149999
AUS,AUS,39,153,5,0.416988,0.471296,236.608748,0.103425,0.103425,2,AUS,30.194499969482425,-97.6698989868164
DCA,DCA,85,364,5,0.43654,0.51713,1858.993021,0.152857,0.152857,0,DCA,38.8521,-77.037697
CVG,CVG,43,135,6,0.409712,0.471481,926.057946,0.107875,0.107875,0,CVG,39.0488014221,-84.6678009033
EWR,EWR,72,225,5,0.435835,0.508488,650.895474,0.152555,0.152555,0,EWR,40.69250106811523,-74.168701171875
MEM,MEM,32,112,6,0.393299,0.44787,1326.207944,0.084117,0.084117,0,MEM,35.04240036010742,-89.97669982910156
PIT,PIT,33,134,6,0.402985,0.458519,14.220386,0.099106,0.099106,0,PIT,40.49150085,-80.23290253
SAT,SAT,30,114,5,0.410334,0.459414,133.25237,0.087041,0.087041,0,SAT,29.533700942993164,-98.46980285644533
ORF,ORF,19,74,6,0.38599,0.431975,2.170648,0.063603,0.063603,0,ORF,36.89459991455078,-76.20120239257812
RIC,RIC,18,74,6,0.378151,0.422716,0.547515,0.05829,0.05829,0,RIC,37.50519943237305,-77.3197021484375
OKC,OKC,22,81,6,0.395315,0.443858,152.07607,0.064653,0.064653,2,OKC,35.39310073852539,-97.60070037841795
MKE,MKE,28,121,5,0.411272,0.458488,18.122527,0.087561,0.087561,0,MKE,42.94720077514648,-87.89659881591797
SMF,SMF,28,102,5,0.404494,0.452315,280.996067,0.067824,0.067824,2,SMF,38.69540023803711,-121.59100341796876
CHS,CHS,20,69,6,0.371645,0.41716,3.262604,0.063116,0.063116,0,CHS,32.89860153,-80.04049683
BNA,BNA,46,162,6,0.409401,0.473025,1026.791668,0.117025,0.117025,0,BNA,36.1245002746582,-86.6781997680664
DAY,DAY,16,64,6,0.381895,0.425957,0.407065,0.054636,0.054636,0,DAY,39.90240097045898,-84.21939849853516
SEA,SEA,75,310,4,0.48474,0.536574,18159.614873,0.123904,0.123904,2,SEA,47.449001,-122.308998
SLC,SLC,85,256,5,0.472855,0.534938,8437.042981,0.129666,0.129666,2,SLC,40.78839874267578,-111.97799682617188
SDF,SDF,23,83,6,0.38961,0.438302,2.671848,0.075501,0.075501,0,SDF,38.1744,-85.736
SAV,SAV,13,46,6,0.36635,0.406821,0.279782,0.044649,0.044649,0,SAV,32.12760162,-81.20210266
BHM,BHM,19,69,6,0.383523,0.429043,9.488198,0.061195,0.061195,0,BHM,33.56290054,-86.75350189
HOU,HOU,49,149,6,0.393586,0.458519,420.029943,0.099363,0.099363,0,HOU,29.64539909,-95.27890015
TYS,TYS,17,62,6,0.385439,0.430123,135.198219,0.050401,0.050401,0,TYS,35.81100082,-83.99400329999999
RNO,RNO,14,56,5,0.384068,0.421914,3.439481,0.040996,0.040996,2,RNO,39.49909973144531,-119.76799774169922
KOA,KOA,10,39,5,0.356436,0.386728,88.622141,0.020393,0.020393,2,KOA,19.738783,-156.045603
TUS,TUS,16,62,5,0.394737,0.434722,1.388031,0.050392,0.050392,2,TUS,32.116100311279304,-110.94100189208984
GSO,GSO,14,51,6,0.381087,0.423333,71.547604,0.04279,0.04279,0,GSO,36.097801208496094,-79.93730163574219
CLE,CLE,53,151,6,0.411272,0.479198,2954.879751,0.117719,0.117719,0,CLE,41.4117012024,-81.8498001099
XNA,XNA,14,48,6,0.385714,0.428426,64.688268,0.04649,0.04649,0,XNA,36.281898,-94.306801
ABQ,ABQ,23,83,5,0.398524,0.443056,1088.82802,0.061594,0.061594,2,ABQ,35.040199,-106.609001
SRQ,SRQ,6,26,6,0.349741,0.381049,0.025641,0.020772,0.020772,0,SRQ,27.39539909362793,-82.55439758300781
PNS,PNS,11,42,6,0.360481,0.39787,0.509226,0.035982,0.035982,0,PNS,30.473400115967003,-87.18659973144501
JAN,JAN,9,36,6,0.358566,0.39463,1.644953,0.030878,0.030878,0,JAN,32.3111991882,-90.0758972168
CAK,CAK,11,44,6,0.372928,0.412377,0.016949,0.038064,0.038064,0,CAK,40.91609954833984,-81.44219970703125
MDW,MDW,67,255,5,0.422866,0.493673,1387.956234,0.131894,0.131894,0,MDW,41.785999,-87.752403
CHA,CHA,8,32,6,0.362416,0.398333,35.472385,0.023972,0.023972,0,CHA,35.03530120849609,-85.20379638671875
HSV,HSV,9,36,6,0.375783,0.414691,0.151793,0.033528,0.033528,0,HSV,34.637199401855,-86.775100708008
LIH,LIH,10,40,5,0.356907,0.387346,0.457066,0.022822,0.022822,2,LIH,21.97599983215332,-159.33900451660156
PSP,PSP,14,45,5,0.38599,0.424228,16.020451,0.041363,0.041363,2,PSP,33.829700469970696,-116.50700378417967
PDX,PDX,54,212,5,0.458015,0.504383,3469.685291,0.099941,0.099941,2,PDX,45.58869934,-122.5979996
ALB,ALB,19,60,6,0.37474,0.41963,1077.842225,0.056405,0.056405,0,ALB,42.74829864501953,-73.80169677734375
ELP,ELP,13,47,6,0.378151,0.41963,5.368141,0.040081,0.040081,2,ELP,31.80719948,-106.37799840000002
GSP,GSP,20,58,6,0.371645,0.41716,127.540892,0.055825,0.055825,0,GSP,34.895698547399995,-82.2189025879
TUL,TUL,18,55,6,0.389892,0.435525,98.03876,0.054725,0.054725,6,TUL,36.19839859008789,-95.88809967041016
SNA,SNA,18,74,5,0.393586,0.434722,45.627238,0.050703,0.050703,2,SNA,33.67570114,-117.8679962
EYW,EYW,8,33,6,0.32316,0.362222,0.290687,0.022205,0.022205,0,EYW,24.55610084533692,-81.75959777832031
ROC,ROC,17,58,6,0.368852,0.411451,0.977892,0.055398,0.055398,0,ROC,43.118900299072266,-77.67240142822266
FAT,FAT,10,34,5,0.372414,0.406173,0.0,0.030653,0.030653,2,FAT,36.77619934082031,-119.71800231933594
MYR,MYR,21,64,6,0.368098,0.413302,669.704498,0.043741,0.043741,0,MYR,33.6796989441,-78.9282989502
OMA,OMA,20,69,5,0.400891,0.443673,5.675437,0.06653,0.06653,0,OMA,41.3032,-95.894096
BUF,BUF,20,71,6,0.377358,0.423179,1.180694,0.064894,0.064894,0,BUF,42.94049835,-78.73220062
AVL,AVL,8,24,6,0.356671,0.390926,41.565775,0.019713,0.019713,0,AVL,35.43619918823242,-82.54180145263672
ABY,ABY,1,8,6,0.319149,0.351883,0.0,0.004225,0.004225,0,ABY,31.535499572753903,-84.19450378417969
CAE,CAE,10,34,6,0.362173,0.399877,0.151793,0.035609,0.035609,0,CAE,33.93880081176758,-81.11949920654297
LIT,LIT,17,58,6,0.384615,0.429043,72.499224,0.051957,0.051957,0,LIT,34.729400634799994,-92.2242965698
ILM,ILM,5,26,6,0.323353,0.361142,0.0,0.017206,0.017206,0,ILM,34.27059936523437,-77.90260314941406
ICT,ICT,12,40,6,0.38055,0.42179,42.698859,0.037626,0.037626,6,ICT,37.649899,-97.433098
GPT,GPT,4,18,6,0.329469,0.369784,0.0,0.01531,0.01531,6,GPT,30.40730094909668,-89.07009887695312
GNV,GNV,5,24,6,0.323353,0.360679,0.016949,0.016488,0.016488,0,GNV,29.6900997162,-82.27179718020001
MRY,MRY,6,20,6,0.348837,0.378889,0.0,0.019125,0.019125,2,MRY,36.58700180053711,-121.84300231933594
DAL,DAL,24,75,5,0.375522,0.41821,324.269673,0.039328,0.039328,6,DAL,32.847099,-96.851799
GEG,GEG,10,30,5,0.365112,0.397377,0.0,0.027352,0.027352,2,GEG,47.61989974975586,-117.53399658203124
EVV,EVV,4,18,6,0.355263,0.387222,0.0,0.01605,0.01605,0,EVV,38.0369987488,-87.53240203860001
FWA,FWA,10,32,6,0.369357,0.407284,93.647868,0.022244,0.022244,6,FWA,40.97850037,-85.19509888
LEX,LEX,13,40,6,0.371134,0.411451,85.034455,0.036735,0.036735,6,LEX,38.0364990234375,-84.60590362548828
CRW,CRW,9,21,6,0.362416,0.399568,1.442179,0.030552,0.030552,0,CRW,38.37310028076172,-81.59320068359375
SYR,SYR,15,50,6,0.368852,0.410062,36.180424,0.046987,0.046987,0,SYR,43.11119842529297,-76.1063003540039
ROA,ROA,9,30,6,0.358328,0.393704,34.204933,0.025864,0.025864,0,ROA,37.3255,-79.975403
OAK,OAK,33,107,5,0.395315,0.445525,292.508336,0.061674,0.061674,2,OAK,37.721298,-122.221001
CID,CID,11,35,6,0.38055,0.42071,141.774174,0.028879,0.028879,6,CID,41.88470077514648,-91.71080017089844
ONT,ONT,13,43,5,0.373444,0.409105,1.496975,0.035479,0.035479,2,ONT,34.05599975585937,-117.60099792480467
VPS,VPS,5,21,6,0.330073,0.371327,0.0,0.018601,0.018601,0,VPS,30.4832,-86.525398
MDT,MDT,11,37,6,0.378682,0.418549,77.912948,0.03327,0.03327,0,MDT,40.1935005188,-76.7633972168
FMN,FMN,3,18,6,0.33877,0.363457,21.567852,0.004072,0.004072,2,FMN,36.7411994934,-108.230003357
EWN,EWN,2,10,6,0.320665,0.354969,0.0,0.007916,0.007916,0,EWN,35.0730018616,-77.04290008539998
FAY,FAY,4,16,6,0.323547,0.360833,0.151793,0.014308,0.014308,0,FAY,34.9911994934082,-78.88030242919922
KTN,KTN,7,27,5,0.330477,0.350463,2301.633807,0.002749,0.002749,11,KTN,55.35559845,-131.7140045
FNT,FNT,8,26,6,0.361688,0.396944,0.016949,0.027338,0.027338,0,FNT,42.96540069580078,-83.74359893798828
FSM,FSM,2,10,6,0.326679,0.364228,0.0,0.008142,0.008142,6,FSM,35.33660125732422,-94.36740112304688
ALS,ALS,2,12,6,0.338558,0.362531,0.0,0.004005,0.004005,2,ALS,37.434898,-105.866997
MFR,MFR,7,18,5,0.35976,0.388735,0.0,0.021144,0.021144,2,MFR,42.37419891357422,-122.8730010986328
DAB,DAB,2,10,6,0.320665,0.354969,0.0,0.007916,0.007916,0,DAB,29.179899,-81.058098
CSG,CSG,1,6,6,0.319149,0.351883,0.0,0.004225,0.004225,0,CSG,32.516300201416016,-84.93890380859375
SAF,SAF,3,12,6,0.35225,0.38213,0.0,0.010991,0.010991,2,SAF,35.617099761999995,-106.088996887
CHO,CHO,6,26,6,0.352711,0.385062,0.0,0.021166,0.021166,0,CHO,38.13859939575195,-78.4529037475586
BTR,BTR,4,16,6,0.329469,0.369784,0.0,0.01531,0.01531,6,BTR,30.533199,-91.149597
DSM,DSM,17,57,6,0.385439,0.429969,171.291292,0.050855,0.050855,6,DSM,41.53400039672852,-93.66310119628906
ECP,ECP,5,14,6,0.32316,0.360833,0.0,0.014573,0.014573,0,ECP,30.357106,-85.79541400000001
BMI,BMI,8,24,6,0.377622,0.415617,38.406989,0.02741,0.02741,6,BMI,40.47710037,-88.91590118
DHN,DHN,1,6,6,0.319149,0.351883,0.0,0.004225,0.004225,0,DHN,31.3213005065918,-85.44960021972656
BQK,BQK,1,6,6,0.319149,0.351883,0.0,0.004225,0.004225,0,BQK,31.2588005065918,-81.46649932861328
CWA,CWA,3,10,6,0.346154,0.373488,0.0,0.011611,0.011611,0,CWA,44.7775993347,-89.6668014526
GRB,GRB,4,16,6,0.35503,0.385988,0.0,0.015836,0.015836,0,GRB,44.48509979248047,-88.12960052490234
PHF,PHF,5,18,6,0.365112,0.398642,20.605589,0.015789,0.015789,0,PHF,37.13190079,-76.49299622
FAR,FAR,10,28,6,0.380282,0.419784,129.851621,0.027673,0.027673,6,FAR,46.92070007324219,-96.81580352783205
ANC,ANC,34,118,4,0.444811,0.48071,47902.710616,0.031062,0.031062,3,ANC,61.17440032958984,-149.99600219726562
FSD,FSD,9,26,6,0.377887,0.416389,96.088174,0.024881,0.024881,6,FSD,43.5820007324,-96.741897583
OAJ,OAJ,3,14,6,0.321237,0.356512,0.0,0.011207,0.011207,0,OAJ,34.8292007446,-77.61209869380002
GRR,GRR,20,56,6,0.389329,0.436142,191.653842,0.05774,0.05774,0,GRR,42.88079834,-85.52279663
MSN,MSN,11,34,6,0.378151,0.418086,0.372685,0.037995,0.037995,0,MSN,43.13990020751953,-89.3375015258789
PIA,PIA,10,30,6,0.378151,0.417623,94.240321,0.028287,0.028287,6,PIA,40.664199829100006,-89.6932983398
CYS,CYS,2,12,6,0.338558,0.362531,539.0,0.003919,0.003919,2,CYS,41.15570068,-104.8119965
WRL,WRL,1,6,7,0.253046,0.263258,0.0,8.4e-05,8.4e-05,2,WRL,43.9656982421875,-107.95099639892578
SBN,SBN,9,22,6,0.366102,0.402654,88.279489,0.021046,0.021046,6,SBN,41.70869827270508,-86.31729888916016
SGF,SGF,9,28,6,0.376045,0.414228,114.215267,0.021419,0.021419,6,SGF,37.24570084,-93.38860321
SHV,SHV,5,16,6,0.365359,0.399259,0.0,0.019196,0.019196,6,SHV,32.446602,-93.8256
PVD,PVD,19,55,6,0.372671,0.417315,6.170715,0.058768,0.058768,0,PVD,41.732601,-71.42040300000001
TLH,TLH,7,30,6,0.331492,0.374259,0.016949,0.023695,0.023695,0,TLH,30.396499633789062,-84.35030364990234
TRI,TRI,4,14,6,0.325497,0.363302,10.666429,0.008856,0.008856,0,TRI,36.475201,-82.40740100000001
EUG,EUG,9,27,5,0.361204,0.391821,22.979567,0.022842,0.022842,2,EUG,44.12459945678711,-123.21199798583984
VLD,VLD,1,6,6,0.319149,0.351883,0.0,0.004225,0.004225,0,VLD,30.78249931335449,-83.27670288085938
MOB,MOB,5,18,6,0.355731,0.388457,0.0,0.01946,0.01946,6,MOB,30.691200256348,-88.242797851562
GRK,GRK,3,12,6,0.327869,0.366698,0.0,0.011619,0.011619,6,GRK,31.067199707,-97.8289031982
GTR,GTR,1,6,6,0.319149,0.351883,0.0,0.004225,0.004225,0,GTR,33.450298309299995,-88.59140014649999
LFT,LFT,3,12,6,0.327869,0.366698,0.0,0.011619,0.011619,6,LFT,30.20529938,-91.98760223
FAI,FAI,18,42,4,0.357143,0.382407,10216.811046,0.003392,0.003392,3,FAI,64.81510162,-147.85600280000003
FYU,FYU,4,12,5,0.264188,0.27608,1105.624175,7.5e-05,7.5e-05,3,FYU,66.57150268554689,-145.25
DDC,DDC,2,10,6,0.338346,0.362222,0.0,0.004003,0.004003,2,DDC,37.76340103149414,-99.9655990600586
LBL,LBL,2,10,6,0.338346,0.362222,0.0,0.004003,0.004003,2,LBL,37.04420089999999,-100.9599991
HPN,HPN,16,46,6,0.356671,0.396327,842.127505,0.034509,0.034509,0,HPN,41.06700134277344,-73.70760345458984
ATW,ATW,7,18,6,0.364865,0.399877,41.956001,0.020459,0.020459,6,ATW,44.2580986023,-88.51909637450001
MLU,MLU,3,12,6,0.327869,0.366698,0.0,0.011619,0.011619,6,MLU,32.51089859008789,-92.0376968383789
MTM,MTM,1,6,6,0.248504,0.256728,0.0,5.9e-05,5.9e-05,11,MTM,55.131001,-131.578003
MLI,MLI,10,30,6,0.379747,0.419167,102.247697,0.02864,0.02864,6,MLI,41.44850158691406,-90.50749969482422
MLB,MLB,2,10,6,0.320665,0.354969,0.0,0.007916,0.007916,0,MLB,28.10280036926269,-80.64530181884766
MGM,MGM,3,14,6,0.328267,0.367315,0.0,0.011833,0.011833,0,MGM,32.30059814,-86.39399719
LGB,LGB,12,36,5,0.362903,0.395679,4.135036,0.031068,0.031068,2,LGB,33.81769943,-118.1520004
BOI,BOI,16,41,5,0.378947,0.417438,46.86429,0.039448,0.039448,2,BOI,43.5644,-116.223
UNK,UNK,5,18,5,0.31106,0.326975,1053.0,0.000686,0.000686,3,UNK,63.88840103,-160.798996
BUR,BUR,12,36,5,0.36193,0.394599,116.149422,0.028091,0.028091,2,BUR,34.200698852539055,-118.35900115966795
SOW,SOW,2,12,6,0.322196,0.339074,1.707875,0.003215,0.003215,2,SOW,34.265499115,-110.005996704
TVC,TVC,3,10,6,0.346154,0.373488,0.0,0.011611,0.011611,0,TVC,44.74140167236328,-85.58219909667969
HON,HON,1,6,7,0.253283,0.263721,0.0,8.6e-05,8.6e-05,2,HON,44.38520050048828,-98.22850036621094
PIR,PIR,3,16,6,0.338983,0.363765,557.318547,0.004,0.004,2,PIR,44.38270187,-100.2860031
AMA,AMA,6,19,6,0.356907,0.389383,3.20142,0.018657,0.018657,6,AMA,35.219398,-101.706001
ENA,ENA,1,6,5,0.308043,0.319259,0.0,0.000669,0.000669,3,ENA,60.57310104370117,-151.2449951171875
ANI,ANI,8,24,5,0.311239,0.328981,3198.5,0.000686,0.000686,3,ANI,61.58160018920898,-159.54299926757812
ABE,ABE,9,26,6,0.357143,0.39216,45.390961,0.021309,0.021309,0,ABE,40.652099609375,-75.44080352783203
AGS,AGS,3,14,6,0.321237,0.356512,0.0,0.011207,0.011207,0,AGS,33.36989974975586,-81.9645004272461
AEX,AEX,3,12,6,0.327869,0.366698,0.0,0.011619,0.011619,6,AEX,31.32740020751953,-92.54979705810548
BTV,BTV,10,27,6,0.357616,0.393395,20.494313,0.031181,0.031181,0,BTV,44.4719009399,-73.15329742429998
AVP,AVP,6,19,6,0.355731,0.388457,15.786189,0.019781,0.019781,0,AVP,41.3385009766,-75.72339630130001
JNU,JNU,12,34,5,0.352021,0.372901,4758.725148,0.003412,0.003412,11,JNU,58.35499954223633,-134.57600402832028
COS,COS,11,27,5,0.391588,0.428241,1.854637,0.037862,0.037862,2,COS,38.805801,-104.700996
MHT,MHT,14,40,6,0.366599,0.406975,1.156624,0.046799,0.046799,0,MHT,42.932598,-71.435699
ATY,ATY,2,6,6,0.331288,0.352346,16.682319,0.003788,0.003788,2,ATY,44.91400146,-97.15470123
SCE,SCE,4,10,6,0.344388,0.372562,0.0,0.014373,0.014373,0,SCE,40.8493003845,-77.84870147710002
SBY,SBY,2,8,6,0.312862,0.342932,0.0,0.007054,0.007054,0,SBY,38.34049987792969,-75.51029968261719
ABL,ABL,3,8,6,0.239468,0.250247,0.0,1.5e-05,1.5e-05,3,ABL,67.1063,-157.856989
OTZ,OTZ,13,41,5,0.314319,0.337469,5868.0,0.000688,0.000688,3,OTZ,66.88469696,-162.598999
LAN,LAN,6,16,6,0.359521,0.392623,19.950284,0.01972,0.01972,0,LAN,42.77870178222656,-84.58740234375
SBP,SBP,3,8,6,0.329068,0.350031,0.0,0.009082,0.009082,2,SBP,35.2368011475,-120.641998291
SBA,SBA,6,16,5,0.354098,0.381327,0.0,0.017818,0.017818,2,SBA,34.42620087,-119.8399963
BET,BET,22,42,5,0.31653,0.34642,11588.5,0.000676,0.000676,3,BET,60.77980042,-161.8379974
KWN,KWN,3,9,6,0.240856,0.253673,539.0,1.5e-05,1.5e-05,3,KWN,59.7551,-161.845
BIS,BIS,5,12,6,0.355497,0.386605,34.920747,0.012242,0.012242,2,BIS,46.77270126342773,-100.74600219726562
CDV,CDV,2,6,5,0.308395,0.320494,107.741045,0.000671,0.000671,3,CDV,60.49179839999999,-145.4779968
SWF,SWF,5,12,6,0.317647,0.352654,5.077863,0.013325,0.013325,0,SWF,41.50410079956055,-74.10479736328125
ACY,ACY,9,20,6,0.352941,0.387222,0.884721,0.025781,0.025781,0,ACY,39.45759963989258,-74.57720184326172
ADQ,ADQ,3,7,5,0.309101,0.322191,1613.0,0.000669,0.000669,3,ADQ,57.75,-152.4940033
BZN,BZN,7,16,5,0.371901,0.403549,18.62831,0.02126,0.02126,2,BZN,45.77750015,-111.1529999
STS,STS,4,12,5,0.336868,0.356636,0.0,0.010443,0.010443,2,STS,38.50899887,-122.8130035
YUM,YUM,2,6,6,0.326877,0.346019,0.0,0.006284,0.006284,2,YUM,32.65660095,-114.6060028
MAF,MAF,7,17,6,0.356201,0.389228,20.521421,0.018201,0.018201,6,MAF,31.9424991607666,-102.2020034790039
LBB,LBB,8,19,6,0.355966,0.389537,41.464307,0.018503,0.018503,6,LBB,33.663601,-101.822998
ITO,ITO,3,8,6,0.324714,0.343549,0.0,0.005174,0.005174,2,ITO,19.721399307250977,-155.04800415039062
HRL,HRL,7,15,6,0.311419,0.343549,0.924364,0.011354,0.011354,6,HRL,26.22850036621093,-97.65440368652344
MKK,MKK,3,7,6,0.301339,0.31463,0.0,0.002062,0.002062,2,MKK,21.15290069580078,-157.0959930419922
PGA,PGA,3,8,6,0.34005,0.365309,539.0,0.007047,0.007047,2,PGA,36.92610168,-111.447998
GST,GST,2,6,6,0.260618,0.269228,0.0,7.5e-05,7.5e-05,11,GST,58.42530060000001,-135.7070007
HNH,HNH,2,6,6,0.260618,0.269228,0.0,7.5e-05,7.5e-05,11,HNH,58.0961,-135.410111
HNS,HNS,2,7,6,0.260618,0.269228,0.0,7.5e-05,7.5e-05,11,HNS,59.24380111694336,-135.52400207519528
SGY,SGY,2,7,6,0.260618,0.269228,0.0,7.5e-05,7.5e-05,11,SGY,59.46009826660156,-135.31599426269528
LNY,LNY,3,7,6,0.301339,0.31463,0.0,0.002062,0.002062,2,LNY,20.785600662231445,-156.9510040283203
ISP,ISP,11,33,6,0.321237,0.361914,20.899874,0.026081,0.026081,0,ISP,40.79520035,-73.10019684
MOT,MOT,4,10,6,0.349063,0.377963,5.067756,0.01165,0.01165,2,MOT,48.2593994140625,-101.27999877929688
PQI,PQI,1,4,6,0.30286,0.325031,0.0,0.002977,0.002977,0,PQI,46.68899918,-68.0447998
PBG,PBG,5,14,6,0.314319,0.34679,22.876621,0.007567,0.007567,0,PBG,44.6509017944336,-73.46810150146484
AKN,AKN,8,12,5,0.310345,0.327593,3218.0,0.000685,0.000685,3,AKN,58.67679977,-156.6490021
CDB,CDB,4,10,5,0.309101,0.322963,1614.0,0.00067,0.00067,3,CDB,55.20610046386719,-162.72500610351562
DLG,DLG,2,6,5,0.309278,0.322037,0.0,0.000684,0.000684,3,DLG,59.04470062,-158.50500490000002
MCG,MCG,4,11,5,0.310167,0.32466,1077.0,0.000684,0.000684,3,MCG,62.95289993,-155.60600280000003
SDP,SDP,1,4,5,0.308043,0.319259,0.0,0.000669,0.000669,3,SDP,55.31499862670898,-160.5229949951172
SNP,SNP,2,6,5,0.308219,0.320185,0.0,0.000683,0.000683,3,SNP,57.16730117797852,-170.22000122070312
STG,STG,2,6,5,0.308219,0.320185,0.0,0.000683,0.000683,3,STG,56.5783004761,-169.662002563
BLI,BLI,9,20,5,0.348162,0.375,17.576129,0.017958,0.017958,2,BLI,48.79280090332031,-122.53800201416016
RDM,RDM,6,16,5,0.355497,0.383179,0.0,0.017483,0.017483,2,RDM,44.2541008,-121.1500015
HTS,HTS,4,10,6,0.318021,0.352191,6.022666,0.005572,0.005572,6,HTS,38.36669922,-82.55799866
LYH,LYH,1,4,6,0.310167,0.337685,0.0,0.003691,0.003691,0,LYH,37.326698303222656,-79.20040130615234
PGV,PGV,1,4,6,0.310167,0.337685,0.0,0.003691,0.003691,0,PGV,35.6352005,-77.38529968
CMI,CMI,2,8,6,0.345711,0.373488,0.0,0.008067,0.008067,6,CMI,40.03919983,-88.27809906
GLV,GLV,3,8,6,0.239787,0.251019,0.5,1.6e-05,1.6e-05,3,GLV,64.5504989624,-163.007003784
WMO,WMO,2,8,6,0.23968,0.250093,0.0,1.5e-05,1.5e-05,3,WMO,64.689201355,-163.412994385
GAM,GAM,2,8,6,0.23968,0.250093,0.0,1.5e-05,1.5e-05,3,GAM,63.76679992675781,-171.73300170898438
SVA,SVA,2,8,6,0.23968,0.250093,0.0,1.5e-05,1.5e-05,3,SVA,63.6864013671875,-170.4929962158203
OME,OME,15,45,5,0.314869,0.33963,5882.5,0.000703,0.000703,3,OME,64.51219940185547,-165.44500732421875
DRO,DRO,3,10,6,0.350649,0.379969,0.0,0.01096,0.01096,2,DRO,37.1515007019,-107.753997803
COU,COU,2,8,6,0.345711,0.373488,0.0,0.008067,0.008067,6,COU,38.81809997558594,-92.21959686279295
CRP,CRP,4,10,6,0.318396,0.352963,0.270833,0.009931,0.009931,6,CRP,27.77039909362793,-97.5011978149414
DBQ,DBQ,1,4,6,0.337079,0.360525,0.0,0.00415,0.00415,0,DBQ,42.40200043,-90.70950317
HHH,HHH,2,8,6,0.311239,0.340154,0.0,0.006982,0.006982,0,HHH,32.2243995667,-80.6975021362
ART,ART,2,8,6,0.34005,0.365309,0.0,0.007513,0.007513,0,ART,43.99190139770508,-76.02169799804688
KKA,KKA,4,10,6,0.24,0.252253,1.5,3.1e-05,3.1e-05,3,KKA,64.9394989014,-161.154006958
SKK,SKK,3,11,6,0.239893,0.251327,0.0,3.1e-05,3.1e-05,3,SKK,64.37110138,-161.223999
IAN,IAN,2,8,6,0.239362,0.249321,0.0,1.5e-05,1.5e-05,3,IAN,66.9759979248,-160.43699646
AZO,AZO,4,12,6,0.35503,0.385988,0.0,0.015836,0.015836,0,AZO,42.234901428222656,-85.5521011352539
BFL,BFL,5,12,6,0.350877,0.381667,0.0,0.016476,0.016476,2,BFL,35.43360138,-119.0569992
BGM,BGM,3,8,6,0.316159,0.348642,0.0,0.010223,0.010223,0,BGM,42.20869827,-75.97979736
BGR,BGR,6,16,6,0.320285,0.35713,9.846908,0.013988,0.013988,0,BGR,44.80739974975586,-68.82810211181639
ALO,ALO,1,4,6,0.337079,0.360525,0.0,0.00415,0.00415,0,ALO,42.55709838867188,-92.40029907226562
SHH,SHH,2,6,6,0.23968,0.250093,0.0,1.5e-05,1.5e-05,3,SHH,66.249604,-166.089112
ORV,ORV,2,8,6,0.239362,0.249321,0.0,1.5e-05,1.5e-05,3,ORV,66.81790161,-161.01899719999997
WLK,WLK,1,4,6,0.239256,0.248395,0.0,1.5e-05,1.5e-05,3,WLK,66.60009766,-159.9859924
SMK,SMK,1,4,6,0.237363,0.244383,0.0,1.5e-05,1.5e-05,3,SMK,63.49010086,-162.1100006
MBS,MBS,4,10,6,0.35503,0.385988,0.0,0.015836,0.015836,0,MBS,43.532901763916016,-84.07959747314453
ABI,ABI,1,4,6,0.315605,0.346636,0.0,0.003916,0.003916,6,ABI,32.4113006592,-99.6819000244
ACT,ACT,1,4,6,0.315605,0.346636,0.0,0.003916,0.003916,6,ACT,31.61129951477051,-97.23049926757812
CLL,CLL,2,6,6,0.316901,0.349414,0.0,0.007393,0.007393,6,CLL,30.58860016,-96.36380005
FLO,FLO,1,4,6,0.310167,0.337685,0.0,0.003691,0.003691,0,FLO,34.18539810180664,-79.7238998413086
BPT,BPT,1,4,6,0.315605,0.346636,0.0,0.003916,0.003916,6,BPT,29.9507999420166,-94.02069854736328
BRO,BRO,2,6,6,0.316901,0.349414,0.0,0.007393,0.007393,6,BRO,25.90679931640625,-97.4259033203125
RBY,RBY,3,7,5,0.26393,0.275,133.2,7.5e-05,7.5e-05,3,RBY,64.72720337,-155.47000119999998
HVN,HVN,1,4,6,0.305776,0.330432,0.0,0.003363,0.003363,0,HVN,41.26369858,-72.88680267
IPT,IPT,1,4,6,0.305776,0.330432,0.0,0.003363,0.003363,0,IPT,41.241798400878906,-76.92109680175781
ITH,ITH,3,8,6,0.314136,0.345247,0.0,0.010406,0.010406,0,ITH,42.49100112915039,-76.4583969116211
ELI,ELI,3,9,6,0.239787,0.251019,0.5,1.6e-05,1.6e-05,3,ELI,64.61470032,-162.2720032
DRG,DRG,2,8,6,0.239362,0.249321,0.0,1.5e-05,1.5e-05,3,DRG,66.0696029663,-162.76600647
BKC,BKC,2,8,6,0.239362,0.249321,0.0,1.5e-05,1.5e-05,3,BKC,65.9815979004,-161.149002075
MMH,MMH,1,4,6,0.323353,0.340154,0.0,0.003157,0.003157,2,MMH,37.62409973,-118.83799740000002
SJT,SJT,1,4,6,0.315605,0.346636,0.0,0.003916,0.003916,6,SJT,31.35770034790039,-100.49600219726562
SPS,SPS,1,4,6,0.315605,0.346636,0.0,0.003916,0.003916,6,SPS,33.9888,-98.491898
TXK,TXK,1,4,6,0.315605,0.346636,0.0,0.003916,0.003916,6,TXK,33.45370101928711,-93.99099731445312
TYR,TYR,2,6,6,0.316901,0.349414,0.0,0.007393,0.007393,6,TYR,32.35409927368164,-95.40239715576172
ELM,ELM,5,12,6,0.346598,0.375648,17.966056,0.012211,0.012211,6,ELM,42.1599006652832,-76.8916015625
ERI,ERI,3,8,6,0.314136,0.34571,0.0,0.009656,0.009656,0,ERI,42.0831270134,-80.1738667488
FLG,FLG,1,4,6,0.32162,0.337531,0.0,0.003127,0.003127,2,FLG,35.13850021,-111.6709976
GJT,GJT,6,16,6,0.358328,0.391389,0.0,0.02089,0.02089,2,GJT,39.1223983765,-108.527000427
MQT,MQT,2,6,6,0.340265,0.365463,0.0,0.007909,0.007909,0,MQT,46.3535995483,-87.39540100100001
VDZ,VDZ,1,4,5,0.308043,0.319259,0.0,0.000669,0.000669,3,VDZ,61.13389969,-146.24800109999998
RST,RST,3,8,6,0.345711,0.37287,4.591683,0.008223,0.008223,6,RST,43.90829849243164,-92.5
KSM,KSM,3,8,5,0.309101,0.322191,1053.0,0.000669,0.000669,3,KSM,62.0605011,-163.30200200000002
SUX,SUX,1,4,6,0.337079,0.360525,0.0,0.00415,0.00415,0,SUX,42.40259933,-96.38439941
TOL,TOL,4,10,6,0.343075,0.370401,18.381152,0.00533,0.00533,6,TOL,41.58679962,-83.80780029
HOM,HOM,1,4,5,0.308043,0.319259,0.0,0.000669,0.000669,3,HOM,59.64559936523438,-151.4770050048828
LSE,LSE,2,6,6,0.343511,0.369321,0.0,0.007852,0.007852,0,LSE,43.879002,-91.256699
MHK,MHK,2,8,6,0.345711,0.373488,0.0,0.008067,0.008067,6,MHK,39.14099884033203,-96.6707992553711
LRD,LRD,3,8,6,0.344828,0.37179,0.0,0.011054,0.011054,6,LRD,27.543800354003903,-99.46160125732422
RAP,RAP,7,16,6,0.368349,0.404506,14.203073,0.022508,0.022508,6,RAP,44.0452995300293,-103.05699920654295
LCH,LCH,2,6,6,0.316901,0.349414,0.0,0.007393,0.007393,6,LCH,30.12610054016113,-93.22329711914062
LAW,LAW,1,4,6,0.315605,0.346636,0.0,0.003916,0.003916,6,LAW,34.5676994324,-98.4166030884
JLN,JLN,1,4,6,0.315605,0.346636,0.0,0.003916,0.003916,6,JLN,37.151798248291016,-94.49829864501952
GRI,GRI,3,8,6,0.344388,0.371173,4.038506,0.007947,0.007947,6,GRI,40.96749877929688,-98.30960083007812
ROW,ROW,1,4,6,0.315605,0.346636,0.0,0.003916,0.003916,6,ROW,33.30160140991211,-104.53099822998048
GGG,GGG,1,4,6,0.315605,0.346636,0.0,0.003916,0.003916,6,GGG,32.38399887084961,-94.71150207519533
GCK,GCK,1,4,6,0.315605,0.346636,0.0,0.003916,0.003916,6,GCK,37.9275016785,-100.723999023
MFE,MFE,3,8,6,0.344828,0.37179,0.0,0.011054,0.011054,6,MFE,26.17580032,-98.23860168
ANV,ANV,1,3,7,0.192102,0.196821,0.0,0.0,0.0,3,ANV,62.646702000000005,-160.190994
HCR,HCR,2,6,6,0.237676,0.246173,539.0,1.5e-05,1.5e-05,3,HCR,62.18830108642578,-159.77499389648438
KWK,KWK,3,7,6,0.240749,0.253364,0.5,1.5e-05,1.5e-05,3,KWK,59.876499,-163.169005
CYF,CYF,2,6,6,0.240642,0.252438,0.0,1.5e-05,1.5e-05,3,CYF,60.1492004395,-164.285995483
KPN,KPN,3,6,6,0.240749,0.253364,0.5,1.5e-05,1.5e-05,3,KPN,59.9329986572,-164.031005859
KLG,KLG,3,8,6,0.242261,0.256389,42.0,3e-05,3e-05,3,KLG,61.53630065917969,-160.34100341796875
SHX,SHX,1,3,6,0.237467,0.244938,0.0,1.5e-05,1.5e-05,3,SHX,62.6922988892,-159.569000244
RSH,RSH,4,8,6,0.24237,0.257315,50.0,3e-05,3e-05,3,RSH,61.7788848877,-161.319458008
KTS,KTS,3,8,6,0.239787,0.251019,0.5,1.6e-05,1.6e-05,3,KTS,65.3312988281,-166.466003418
WAA,WAA,4,9,6,0.239893,0.251944,1.5,1.6e-05,1.6e-05,3,WAA,65.62259300000001,-168.095
SIT,SIT,2,6,6,0.261122,0.270463,0.0,0.000133,0.000133,11,SIT,57.04710006713867,-135.36199951171878
CDR,CDR,2,6,6,0.338346,0.362222,0.0,0.004003,0.004003,2,CDR,42.837600708,-103.095001221
AIA,AIA,2,6,6,0.338346,0.362222,0.0,0.004003,0.004003,2,AIA,42.0531997681,-102.804000854
WTK,WTK,2,5,6,0.239362,0.249321,0.0,1.5e-05,1.5e-05,3,WTK,67.56610107421875,-162.97500610351562
TLA,TLA,2,6,6,0.23968,0.250093,0.0,1.5e-05,1.5e-05,3,TLA,65.2404022217,-166.339004517
KVL,KVL,2,5,6,0.239362,0.249321,0.0,1.5e-05,1.5e-05,3,KVL,67.73619842529297,-164.56300354003906
KKH,KKH,2,5,6,0.240642,0.252438,0.0,1.5e-05,1.5e-05,3,KKH,59.9608001709,-162.88099670399998
KLW,KLW,1,3,6,0.248504,0.256728,0.0,5.9e-05,5.9e-05,11,KLW,55.5792007446,-133.076004028
EEK,EEK,2,6,6,0.240749,0.252747,0.0,1.5e-05,1.5e-05,3,EEK,60.21367264,-162.0438843
GAL,GAL,6,14,5,0.264317,0.277778,936.6,7.7e-05,7.7e-05,3,GAL,64.73619843,-156.93699650000002
NUL,NUL,3,6,6,0.209302,0.21713,0.333333,3e-06,3e-06,3,NUL,64.729301,-158.074005
AKP,AKP,2,6,5,0.263415,0.273148,0.0,7.5e-05,7.5e-05,3,AKP,68.13359833,-151.7429962
BTT,BTT,3,8,5,0.263543,0.274074,0.5,7.6e-05,7.6e-05,3,BTT,66.91390228,-151.529007
KAL,KAL,3,6,6,0.209383,0.217438,0.533333,2e-06,2e-06,3,KAL,64.31909943,-158.74099730000003
PWM,PWM,12,20,6,0.361204,0.399877,0.72276,0.040446,0.040446,0,PWM,43.64619827,-70.30930328
SCC,SCC,5,11,5,0.313043,0.329537,773.875825,0.000759,0.000759,3,SCC,70.19470215,-148.46499630000002
KWT,KWT,1,3,6,0.240535,0.251512,0.0,1.5e-05,1.5e-05,3,KWT,60.7902984619,-161.444000244
EMK,EMK,3,7,6,0.241179,0.254444,561.0,1.5e-05,1.5e-05,3,EMK,62.78609848,-164.49099730000003
KOT,KOT,2,5,6,0.238938,0.2475,4.0,1.5e-05,1.5e-05,3,KOT,63.0306015015,-163.533004761
SFB,SFB,48,94,6,0.319527,0.38213,2002.538922,0.02752,0.02752,6,SFB,28.7775993347168,-81.23750305175781
CNM,CNM,1,2,6,0.285111,0.300895,0.0,0.001326,0.001326,2,CNM,32.337501525878906,-104.26300048828124
PIE,PIE,31,62,7,0.297357,0.344308,317.159547,0.016115,0.016115,6,PIE,27.91020012,-82.68740082
HGR,HGR,2,4,6,0.310881,0.340154,2.560317,0.003694,0.003694,6,HGR,39.707901,-77.72949982
LAM,LAM,1,2,6,0.285111,0.300895,0.0,0.001326,0.001326,2,LAM,35.8797988892,-106.268997192
MKL,MKL,2,4,7,0.291892,0.314678,0.196911,0.004331,0.004331,0,MKL,35.599899,-88.915604
ILI,ILI,1,2,5,0.308043,0.319259,0.0,0.000669,0.000669,3,ILI,59.75439835,-154.9109955
PDT,PDT,1,2,6,0.314319,0.327963,0.0,0.002152,0.002152,2,PDT,45.695098877,-118.841003418
HRO,HRO,2,4,6,0.299169,0.319167,0.0,0.004198,0.004198,0,HRO,36.26150131225586,-93.15470123291016
IPL,IPL,2,4,6,0.298673,0.319012,0.083333,0.003071,0.003071,2,IPL,32.834201812699995,-115.57900238
SLN,SLN,1,2,6,0.297521,0.315617,0.0,0.002387,0.002387,0,SLN,38.79100036621094,-97.6521987915039
VCT,VCT,1,2,6,0.308395,0.334753,0.0,0.003477,0.003477,6,VCT,28.85260009765625,-96.9185028076172
GTF,GTF,7,14,5,0.361204,0.390586,18.985396,0.017399,0.017399,2,GTF,47.48199844,-111.3710022
OTH,OTH,2,4,6,0.32316,0.340154,0.0,0.004949,0.004949,2,OTH,43.41709899902344,-124.24600219726562
PGD,PGD,18,35,7,0.299169,0.336746,65.542982,0.011133,0.011133,6,PGD,26.92020035,-81.99050140000001
LNS,LNS,1,2,6,0.303541,0.327346,0.0,0.003101,0.003101,0,LNS,40.12170028686523,-76.29609680175781
GFK,GFK,5,10,6,0.345711,0.374105,557.251505,0.008329,0.008329,6,GFK,47.949299,-97.176102
RFD,RFD,5,10,6,0.340479,0.366698,25.744033,0.00521,0.00521,6,RFD,42.19540023803711,-89.09719848632812
PSM,PSM,1,2,7,0.242261,0.264378,0.0,0.000593,0.000593,6,PSM,43.0778999329,-70.8233032227
IAG,IAG,5,10,6,0.308748,0.338765,6.524434,0.00483,0.00483,6,IAG,43.1072998046875,-78.94619750976562
LBE,LBE,3,6,6,0.30647,0.332593,0.111429,0.006798,0.006798,0,LBE,40.27590179,-79.40480042
AKB,AKB,1,2,2,0.6,0.666667,0.0,0.0,0.0,4,AKB,52.22029877,-174.2059937
DUT,DUT,3,6,1,1.0,1.0,3.0,0.0,0.0,4,DUT,53.900100708,-166.54400634799998
YNG,YNG,4,8,7,0.278351,0.305758,3.547318,0.002121,0.002121,6,YNG,41.26070023,-80.67910004
BFI,BFI,3,4,1,1.0,1.0,2.0,0.0,0.0,5,BFI,47.52999877929688,-122.302001953125
CLM,CLM,1,2,2,0.6,0.666667,0.0,0.0,0.0,5,CLM,48.12020111083984,-123.5
JHM,JHM,2,4,6,0.300836,0.313086,0.0,0.001705,0.001705,2,JHM,20.962900161743164,-156.67300415039062
HNM,HNM,1,2,6,0.277065,0.29213,0.0,0.000752,0.000752,2,HNM,20.79560089111328,-156.01400756835938
MUE,MUE,1,2,6,0.277065,0.29213,0.0,0.000752,0.000752,2,MUE,20.00130081176757,-155.66799926757812
ELD,ELD,3,5,6,0.293638,0.314599,4.868906,0.002698,0.002698,6,ELD,33.22100067138672,-92.81330108642578
HOT,HOT,2,4,7,0.282723,0.302703,0.0,0.001869,0.001869,6,HOT,34.47800064086914,-93.09619903564452
OWB,OWB,2,4,6,0.307868,0.334599,4.491798,0.003272,0.003272,6,OWB,37.74010086,-87.16680145
IKO,IKO,1,2,2,0.6,0.666667,0.0,0.0,0.0,4,IKO,52.94160079956055,-168.8489990234375
NLG,NLG,1,2,6,0.23622,0.242531,0.0,1.4e-05,1.4e-05,3,NLG,56.007499694824,-161.16000366211
KVC,KVC,1,2,6,0.23622,0.242531,0.0,1.4e-05,1.4e-05,3,KVC,55.11629867553711,-162.26600646972656
PVU,PVU,3,6,6,0.331492,0.352809,3.038176,0.004856,0.004856,2,PVU,40.219200134277,-111.72299957275
KFP,KFP,1,2,6,0.23622,0.242531,0.0,1.4e-05,1.4e-05,3,KFP,54.8474006652832,-163.41000366210938
HYG,HYG,1,2,6,0.248504,0.256728,0.0,5.9e-05,5.9e-05,11,HYG,55.206298828125,-132.8280029296875
AHN,AHN,1,2,7,0.290635,0.3119,0.0,0.00252,0.00252,0,AHN,33.94860076904297,-83.32630157470703
VIS,VIS,1,2,6,0.323353,0.340154,0.0,0.003157,0.003157,2,VIS,36.3186988831,-119.392997742
KQA,KQA,1,2,2,0.6,0.666667,0.0,0.0,0.0,4,KQA,54.1337704415,-165.77889561700002
PSC,PSC,8,16,5,0.363636,0.39429,21.174739,0.022059,0.022059,2,PSC,46.26470184326172,-119.11900329589844
MSO,MSO,7,14,5,0.36193,0.391512,16.60569,0.019261,0.019261,2,MSO,46.91630173,-114.0910034
IDA,IDA,4,8,6,0.346598,0.374568,5.572884,0.01074,0.01074,2,IDA,43.514599,-112.070999
PRC,PRC,1,2,6,0.323353,0.340154,0.0,0.003157,0.003157,2,PRC,34.65449905,-112.4199982
LCK,LCK,2,4,7,0.243134,0.267002,0.399145,0.000939,0.000939,6,LCK,39.813801,-82.927803
SMX,SMX,2,4,6,0.335196,0.357438,0.0,0.006818,0.006818,2,SMX,34.89889908,-120.4570007
SCK,SCK,1,2,6,0.330477,0.350031,0.0,0.00366,0.00366,2,SCK,37.894199371338,-121.2379989624
LNK,LNK,3,6,6,0.355966,0.386451,0.0,0.011769,0.011769,2,LNK,40.85100173950195,-96.75920104980467
LMT,LMT,2,4,6,0.32316,0.340154,0.0,0.004949,0.004949,2,LMT,42.156101,-121.733002
MKG,MKG,1,2,6,0.337079,0.360525,0.0,0.00415,0.00415,0,MKG,43.16949844,-86.23819733
BFF,BFF,1,2,6,0.338134,0.361296,0.0,0.003917,0.003917,2,BFF,41.87400055,-103.5960007
CEZ,CEZ,1,2,6,0.338134,0.361296,0.0,0.003917,0.003917,2,CEZ,37.3030014038,-108.627998352
LBF,LBF,1,2,6,0.338134,0.361296,0.0,0.003917,0.003917,2,LBF,41.12620163,-100.6839981
MCK,MCK,1,2,6,0.338134,0.361296,0.0,0.003917,0.003917,2,MCK,40.20629883,-100.5920029
STC,STC,2,4,6,0.341989,0.36716,3.152316,0.004521,0.004521,6,STC,45.54660034179688,-94.05989837646484
PAH,PAH,1,2,6,0.337079,0.360525,0.0,0.00415,0.00415,0,PAH,37.06079864501953,-88.7738037109375
MOD,MOD,1,2,6,0.30303,0.32534,0.0,0.002798,0.002798,2,MOD,37.62580109,-120.9540024
SHD,SHD,2,3,6,0.303712,0.328272,0.0,0.003169,0.003169,0,SHD,38.2638015747,-78.8964004517
MGW,MGW,2,4,6,0.304569,0.329198,0.0,0.003182,0.003182,6,MGW,39.64289856,-79.91629791
RIW,RIW,1,2,6,0.338134,0.361296,0.0,0.003917,0.003917,2,RIW,43.064201355,-108.459999084
GCN,GCN,1,2,7,0.253879,0.264493,0.0,0.000152,0.000152,2,GCN,35.95240020751953,-112.14700317382812
APF,APF,1,2,6,0.297849,0.31716,0.0,0.002516,0.002516,0,APF,26.1525993347,-81.7752990723
BKG,BKG,4,8,6,0.343293,0.370093,1.43364,0.009743,0.009743,6,BKG,36.532082,-93.200544
RDD,RDD,1,2,6,0.30303,0.32534,0.0,0.002798,0.002798,2,RDD,40.50899887,-122.2929993
LWB,LWB,2,4,6,0.321429,0.356204,0.0,0.007326,0.007326,0,LWB,37.8582992554,-80.3994979858
LUK,LUK,3,6,6,0.313407,0.344167,18.42229,0.006584,0.006584,0,LUK,39.10329819,-84.41860199
FKL,FKL,2,4,7,0.291734,0.314832,0.0,0.00259,0.00259,1,FKL,41.3778991699,-79.8603973389
DUJ,DUJ,2,4,7,0.291734,0.314832,0.0,0.00259,0.00259,1,DUJ,41.17829895,-78.8986969
CLD,CLD,1,2,6,0.323353,0.340154,0.0,0.003157,0.003157,2,CLD,33.12829971,-117.2799988
CKB,CKB,3,5,6,0.31106,0.34108,15.190811,0.003762,0.003762,6,CKB,39.2966003418,-80.2281036377
CIC,CIC,1,2,6,0.30303,0.32534,0.0,0.002798,0.002798,2,CIC,39.79539871,-121.8580017
CEC,CEC,2,4,6,0.3032,0.326265,0.0,0.002891,0.002891,2,CEC,41.78020096,-124.2369995
COD,COD,2,4,6,0.340909,0.365926,0.0,0.006709,0.006709,2,COD,44.520198822,-109.024002075
CMX,CMX,1,2,6,0.337079,0.360525,0.0,0.00415,0.00415,0,CMX,47.16839981079102,-88.48909759521484
JHW,JHW,2,4,7,0.291734,0.314832,0.0,0.00259,0.00259,8,JHW,42.15340042,-79.25800323
PKB,PKB,1,2,7,0.291577,0.313907,0.0,0.002535,0.002535,0,PKB,39.34510040283203,-81.43920135498047
ASE,ASE,2,4,6,0.34134,0.366543,0.0,0.007074,0.007074,2,ASE,39.22320175,-106.8690033
AOO,AOO,2,4,6,0.303712,0.328272,0.0,0.003169,0.003169,7,AOO,40.29639816,-78.31999969
JST,JST,2,4,6,0.303712,0.328272,0.0,0.003169,0.003169,7,JST,40.31610107421875,-78.83390045166016
ACV,ACV,3,6,6,0.303371,0.327191,0.5,0.00432,0.00432,2,ACV,40.978101,-124.109
ACK,ACK,6,12,6,0.304225,0.330586,567.458115,0.003905,0.003905,9,ACK,41.25310135,-70.06020355
TEB,TEB,1,2,7,0.233362,0.245026,0.0,8.4e-05,8.4e-05,9,TEB,40.85010147089999,-74.060798645
MBL,MBL,1,2,6,0.297357,0.319475,0.0,0.00284,0.00284,0,MBL,44.2723999,-86.24690247
MMU,MMU,2,4,7,0.291419,0.313289,0.835531,0.002464,0.002464,0,MMU,40.79940032958984,-74.41490173339844
BKW,BKW,2,3,6,0.303712,0.328272,0.0,0.003169,0.003169,0,BKW,37.7873001099,-81.1241989136
BIL,BIL,12,24,5,0.364372,0.397685,2701.60569,0.019306,0.019306,2,BIL,45.80770111083984,-108.54299926757812
BFD,BFD,2,4,7,0.291734,0.314832,0.0,0.00259,0.00259,8,BFD,41.8031005859375,-78.64009857177734
CPR,CPR,3,6,6,0.345269,0.372099,0.0,0.010369,0.010369,2,CPR,42.908001,-106.463997
HOB,HOB,1,2,6,0.308395,0.334753,0.0,0.003477,0.003477,6,HOB,32.6875,-103.2170029
FOE,FOE,1,2,6,0.337079,0.360525,0.0,0.00415,0.00415,0,FOE,38.9509010315,-95.6635971069
JAC,JAC,2,4,6,0.340909,0.365926,0.0,0.006709,0.006709,2,JAC,43.6072998046875,-110.73799896240234
ISN,ISN,2,4,6,0.345489,0.371944,0.0,0.007619,0.007619,2,ISN,48.177898407,-103.641998291
SHR,SHR,1,2,6,0.338134,0.361296,0.0,0.003917,0.003917,2,SHR,44.76919937133789,-106.9800033569336
MCE,MCE,1,2,6,0.323353,0.340154,0.0,0.003157,0.003157,2,MCE,37.28469849,-120.5139999
HLN,HLN,5,9,5,0.358566,0.385957,0.0,0.013453,0.013453,2,HLN,46.6068000793457,-111.98300170898438
HDN,HDN,1,2,6,0.338134,0.361296,0.0,0.003917,0.003917,2,HDN,40.48120117,-107.2180023
GUC,GUC,1,2,6,0.338134,0.361296,0.0,0.003917,0.003917,2,GUC,38.53390121,-106.9329987
GCC,GCC,3,6,6,0.341124,0.366852,0.0,0.006856,0.006856,2,GCC,44.3488998413,-105.539001465
FCA,FCA,5,10,5,0.36,0.387809,0.0,0.016739,0.016739,2,FCA,48.31050109863281,-114.25599670410156
EGE,EGE,1,2,6,0.338134,0.361296,0.0,0.003917,0.003917,2,EGE,39.64260101,-106.9179993
DIK,DIK,2,4,6,0.345489,0.371944,0.0,0.007619,0.007619,2,DIK,46.7974014282,-102.802001953
LAR,LAR,1,2,6,0.338134,0.361296,0.0,0.003917,0.003917,2,LAR,41.31209945678711,-105.6750030517578
EAU,EAU,1,2,6,0.337079,0.360525,0.0,0.00415,0.00415,0,EAU,44.86579895019531,-91.48429870605467
DLH,DLH,4,8,6,0.349741,0.379043,4.591683,0.011883,0.011883,2,DLH,46.8420982361,-92.1936035156
SGU,SGU,2,4,6,0.340909,0.365926,0.0,0.006709,0.006709,2,SGU,37.036389,-113.510306
RKS,RKS,3,6,6,0.341124,0.366852,0.0,0.006856,0.006856,2,RKS,41.5942,-109.065001
PUB,PUB,1,2,6,0.338134,0.361296,0.0,0.003917,0.003917,2,PUB,38.289100646972656,-104.49700164794922
MTJ,MTJ,1,2,6,0.338134,0.361296,0.0,0.003917,0.003917,2,MTJ,38.5097999573,-107.893997192
APN,APN,2,4,6,0.33877,0.363148,0.0,0.00746,0.00746,2,APN,45.07809829999999,-83.56030273
ABR,ABR,1,2,6,0.330477,0.350648,0.0,0.003702,0.003702,2,ABR,45.44910049438477,-98.42179870605467
BJI,BJI,1,2,6,0.330477,0.350648,0.0,0.003702,0.003702,2,BJI,47.50939941,-94.93370056
ORH,ORH,2,4,6,0.30543,0.330123,0.0,0.005856,0.005856,0,ORH,42.26729965209961,-71.87570190429688
YKM,YKM,1,2,5,0.326679,0.340895,0.0,0.002668,0.002668,2,YKM,46.56819916,-120.5439987
ESC,ESC,1,2,6,0.310881,0.33892,0.0,0.003758,0.003758,0,ESC,45.7226982117,-87.0936965942
BTM,BTM,1,2,6,0.321237,0.338457,0.0,0.002792,0.002792,2,BTM,45.95479965209961,-112.49700164794922
BRD,BRD,2,4,6,0.33068,0.351574,0.0,0.003783,0.003783,2,BRD,46.39830017,-94.13809967
INL,INL,2,4,6,0.33068,0.351574,0.0,0.003783,0.003783,2,INL,48.566200256347656,-93.4030990600586
CDC,CDC,1,2,6,0.321237,0.338457,0.0,0.002792,0.002792,2,CDC,37.70100021362305,-113.0989990234375
CNY,CNY,1,2,6,0.321237,0.338457,0.0,0.002792,0.002792,2,CNY,38.75500107,-109.7549973
CIU,CIU,1,2,6,0.310881,0.33892,0.0,0.003758,0.003758,0,CIU,46.25080108642578,-84.47239685058594
HYA,HYA,3,5,6,0.303712,0.327809,0.54375,0.003804,0.003804,9,HYA,41.66930008,-70.28040314
TVF,TVF,1,2,7,0.25702,0.268629,0.0,0.000179,0.000179,6,TVF,48.06570053,-96.18499756
VEE,VEE,2,4,6,0.209221,0.215988,539.0,2e-06,2e-06,3,VEE,67.0086975098,-146.365997314
LMA,LMA,1,2,5,0.263286,0.272222,0.0,7.3e-05,7.3e-05,3,LMA,63.886002000000005,-152.30200200000002
ARC,ARC,1,2,7,0.173077,0.177072,0.0,0.0,0.0,3,ARC,68.1147,-145.578995
AET,AET,3,5,5,0.263672,0.274383,0.7,7.6e-05,7.6e-05,3,AET,66.5518035889,-152.621994019
AKK,AKK,1,2,6,0.23622,0.242315,0.0,1.4e-05,1.4e-05,3,AKK,56.9387016296,-154.182998657
OBU,OBU,3,6,6,0.239468,0.250247,0.0,1.5e-05,1.5e-05,3,OBU,66.9123001099,-156.897003174
SHG,SHG,3,6,6,0.239468,0.250247,0.0,1.5e-05,1.5e-05,3,SHG,66.88809967041,-157.16200256348
EWB,EWB,3,5,7,0.264576,0.281684,0.0,0.000909,0.000909,9,EWB,41.67610168457031,-70.95690155029297
MVY,MVY,4,8,6,0.303883,0.328735,27.624782,0.003824,0.003824,9,MVY,41.3931007385,-70.6143035889
CGI,CGI,1,2,6,0.299667,0.319938,0.0,0.002679,0.002679,0,CGI,37.22529983520508,-89.57080078125
SLK,SLK,1,2,6,0.30286,0.325031,0.0,0.002977,0.002977,0,SLK,44.38529968261719,-74.2061996459961
RUT,RUT,1,2,6,0.30286,0.325031,0.0,0.002977,0.002977,0,RUT,43.52939987,-72.94960022
RKD,RKD,1,2,6,0.30286,0.325031,0.0,0.002977,0.002977,0,RKD,44.06010056,-69.09919739
PVC,PVC,1,2,6,0.30286,0.325031,0.0,0.002977,0.002977,0,PVC,42.0718994141,-70.2213973999
LEB,LEB,2,4,6,0.303371,0.326574,0.54375,0.00372,0.00372,0,LEB,43.6260986328,-72.30419921880002
SDY,SDY,1,2,6,0.267194,0.279846,0.0,0.000416,0.000416,2,SDY,47.706902,-104.193001
OLF,OLF,1,2,6,0.267194,0.279846,0.0,0.000416,0.000416,2,OLF,48.0945014954,-105.574996948
HVR,HVR,1,2,6,0.267194,0.279846,0.0,0.000416,0.000416,2,HVR,48.54299927,-109.762001
GGW,GGW,1,2,6,0.267194,0.279846,0.0,0.000416,0.000416,2,GGW,48.212502,-106.614998
GDV,GDV,1,2,6,0.267194,0.279846,0.0,0.000416,0.000416,2,GDV,47.13869858,-104.8069992
BHB,BHB,1,2,6,0.30286,0.325031,0.0,0.002977,0.002977,0,BHB,44.45000076,-68.36150359999999
AUG,AUG,1,2,6,0.30286,0.325031,0.0,0.002977,0.002977,0,AUG,44.3205986023,-69.7973022461
OGS,OGS,1,2,7,0.272727,0.289277,0.0,0.001214,0.001214,0,OGS,44.6819000244,-75.46549987790002
MSS,MSS,1,2,7,0.272727,0.289277,0.0,0.001214,0.001214,0,MSS,44.93579864501953,-74.84559631347656
NUI,NUI,2,4,6,0.238938,0.247593,0.0,3.3e-05,3.3e-05,3,NUI,70.2099990845,-151.00599670399998
TOG,TOG,1,2,7,0.194175,0.200648,0.0,0.0,0.0,3,TOG,59.05279922485352,-160.39700317382812
MOU,MOU,1,2,6,0.23622,0.242315,0.0,1.4e-05,1.4e-05,3,MOU,62.09540176391602,-163.6820068359375
WBQ,WBQ,1,2,5,0.263286,0.272222,0.0,7.3e-05,7.3e-05,3,WBQ,66.36219787600001,-147.406997681
CIK,CIK,2,4,5,0.263801,0.27392,0.0,7.5e-05,7.5e-05,3,CIK,66.6449966431,-143.74000549299998
NIB,NIB,1,2,6,0.236842,0.243395,0.0,1.5e-05,1.5e-05,3,NIB,63.0186,-154.358002
MCN,MCN,2,4,6,0.320475,0.35466,0.0,0.007373,0.007373,0,MCN,32.692798614501946,-83.64920043945312
GLH,GLH,1,2,7,0.242261,0.257033,0.0,9.1e-05,9.1e-05,10,GLH,33.4828987121582,-90.98560333251952
TUP,TUP,2,4,6,0.319527,0.353117,539.0,0.004227,0.004227,10,TUP,34.26810073852539,-88.7698974609375
PIB,PIB,1,2,6,0.319149,0.351883,0.0,0.004225,0.004225,0,PIB,31.467100143432617,-89.33709716796875
MSL,MSL,1,2,6,0.319149,0.351883,0.0,0.004225,0.004225,0,MSL,34.74530029,-87.61019897
MEI,MEI,1,2,6,0.319149,0.351883,0.0,0.004225,0.004225,0,MEI,32.33259963989258,-88.75189971923828
JBR,JBR,1,2,6,0.299667,0.319938,0.0,0.002679,0.002679,0,JBR,35.83169937133789,-90.64640045166016
DEC,DEC,2,4,6,0.339836,0.365,0.0,0.006829,0.006829,0,DEC,39.83459854125977,-88.8656997680664
BRL,BRL,2,4,6,0.339836,0.365,0.0,0.006829,0.006829,0,BRL,40.783199310302734,-91.12550354003906
MLL,MLL,2,3,6,0.241287,0.253457,0.0,1.5e-05,1.5e-05,3,MLL,61.8642997742,-162.026000977
NME,NME,2,4,6,0.240642,0.252438,0.0,1.5e-05,1.5e-05,3,NME,60.471000671387,-164.70100402832
BRW,BRW,7,13,5,0.313407,0.331389,1879.5,0.00076,0.00076,3,BRW,71.285402,-156.766008
PIZ,PIZ,1,2,6,0.238727,0.246358,0.0,1.6e-05,1.6e-05,3,PIZ,69.73290253,-163.00500490000002
HPB,HPB,3,4,6,0.240749,0.253364,0.0,1.5e-05,1.5e-05,3,HPB,61.52389908,-166.1470032
VAK,VAK,3,4,6,0.240749,0.253364,0.0,1.5e-05,1.5e-05,3,VAK,61.5409,-165.6005
HSL,HSL,5,6,6,0.209627,0.219599,4.766667,7e-06,7e-06,3,HSL,65.69789886,-156.3509979
BTI,BTI,2,4,6,0.239256,0.247994,2.5,1.8e-05,1.8e-05,3,BTI,70.13400268550001,-143.582000732
OOK,OOK,3,4,6,0.240749,0.253364,0.5,1.5e-05,1.5e-05,3,OOK,60.54140091,-165.0870056
AUK,AUK,1,2,7,0.194384,0.201049,0.0,0.0,0.0,3,AUK,62.6800422668,-164.65992736799998
ATK,ATK,2,4,6,0.238832,0.247284,0.0,1.7e-05,1.7e-05,3,ATK,70.46730041503906,-157.43600463867188
AIN,AIN,2,4,6,0.238832,0.247284,0.0,1.7e-05,1.7e-05,3,AIN,70.6380004883,-159.994995117
LWS,LWS,4,8,5,0.334158,0.353241,7.799714,0.006369,0.006369,2,LWS,46.3745002746582,-117.01499938964844
PUW,PUW,2,4,5,0.326877,0.341821,0.0,0.002805,0.002805,2,PUW,46.7439,-117.110001
WRG,WRG,2,4,6,0.248733,0.257963,2.0,6.1e-05,6.1e-05,11,WRG,56.48429871,-132.36999509999998
YAK,YAK,2,4,6,0.260744,0.269537,6.233333,8.8e-05,8.8e-05,11,YAK,59.503299713100006,-139.660003662
PSG,PSG,2,4,6,0.260744,0.269537,35.433333,7.5e-05,7.5e-05,11,PSG,56.80170059,-132.9450073
EAT,EAT,1,2,5,0.326679,0.340895,0.0,0.002668,0.002668,2,EAT,47.3988990784,-120.207000732
IRK,IRK,1,2,6,0.299667,0.319938,0.0,0.002679,0.002679,0,IRK,40.09349822998047,-92.5448989868164
ALW,ALW,1,2,5,0.326679,0.340895,0.0,0.002668,0.002668,2,ALW,46.09489822,-118.288002
ADK,ADK,1,2,5,0.308043,0.319259,0.0,0.000669,0.000669,3,ADK,51.87799835205078,-176.64599609375
SPI,SPI,4,5,6,0.351334,0.381821,20.982183,0.008899,0.008899,6,SPI,39.84410095,-89.67790222
UIN,UIN,1,2,6,0.299667,0.319938,0.0,0.002679,0.002679,0,UIN,39.94269943,-91.19460297
TBN,TBN,1,2,6,0.299667,0.319938,0.0,0.002679,0.002679,0,TBN,37.74160004,-92.14070129
MWA,MWA,1,2,6,0.299667,0.319938,0.0,0.002679,0.002679,0,MWA,37.75500107,-89.01110077
ILG,ILG,6,12,6,0.353403,0.384907,0.050282,0.018283,0.018283,0,ILG,39.67869949,-75.60649872
TTN,TTN,14,28,6,0.331085,0.378272,540.109893,0.036705,0.036705,0,TTN,40.27669906616211,-74.8134994506836
AZA,AZA,32,64,6,0.34264,0.386142,802.603473,0.017206,0.017206,6,AZA,33.30780029,-111.6549988
UST,UST,1,2,7,0.248848,0.267804,0.0,0.00079,0.00079,0,UST,29.9592,-81.339798
VEL,VEL,1,2,6,0.321237,0.338457,0.0,0.002792,0.002792,2,VEL,40.4408989,-109.5100021
TWF,TWF,1,2,6,0.321237,0.338457,0.0,0.002792,0.002792,2,TWF,42.4818,-114.487999
PIH,PIH,1,2,6,0.321237,0.338457,0.0,0.002792,0.002792,2,PIH,42.9098014831543,-112.59600067138672
BLV,BLV,1,2,7,0.242261,0.264378,0.0,0.000593,0.000593,6,BLV,38.5452,-89.835197
OGD,OGD,1,2,7,0.255319,0.270511,0.0,0.00037,0.00037,6,OGD,41.195899963379,-112.0120010376
RHI,RHI,2,4,6,0.33068,0.351574,0.0,0.003783,0.003783,2,RHI,45.63119888305664,-89.46749877929688
PLN,PLN,1,2,6,0.310881,0.33892,0.0,0.003758,0.003758,0,PLN,45.57089996,-84.79669952
EKO,EKO,1,2,6,0.321237,0.338457,0.0,0.002792,0.002792,2,EKO,40.82490158081055,-115.79199981689452
IMT,IMT,2,4,6,0.33068,0.351574,0.0,0.003783,0.003783,2,IMT,45.8184013367,-88.11450195309999
HIB,HIB,1,2,6,0.330477,0.350648,0.0,0.003702,0.003702,2,HIB,47.38660049,-92.83899689
CEM,CEM,2,2,5,0.263415,0.273148,0.0,7.5e-05,7.5e-05,3,CEM,65.57379913,-144.7830048
KLN,KLN,2,2,6,0.236427,0.243549,539.0,1.4e-05,1.4e-05,3,KLN,57.5350990295,-153.977996826
KYK,KYK,1,1,7,0.191286,0.195401,0.0,0.0,0.0,3,KYK,57.5671005249,-154.449996948
SCM,SCM,3,3,6,0.240749,0.253364,0.0,1.5e-05,1.5e-05,3,SCM,61.84529876710001,-165.570999146
MLY,MLY,1,1,5,0.263286,0.272222,0.0,7.3e-05,7.3e-05,3,MLY,64.99759674069999,-150.643997192
IRC,IRC,2,2,5,0.263415,0.273148,0.0,7.5e-05,7.5e-05,3,IRC,65.83049799999999,-144.076008
SLQ,SLQ,1,1,6,0.237467,0.244938,0.0,1.5e-05,1.5e-05,3,SLQ,61.7005004883,-157.166000366
TLJ,TLJ,1,1,6,0.236842,0.243395,0.0,1.5e-05,1.5e-05,3,TLJ,62.8944015503,-155.977005005
MYU,MYU,2,2,6,0.240642,0.252438,0.0,1.5e-05,1.5e-05,3,MYU,60.37139892578125,-166.27099609375
KUK,KUK,1,1,6,0.240535,0.251512,0.0,1.5e-05,1.5e-05,3,KUK,60.87440109,-162.5240021
KYU,KYU,4,4,5,0.264059,0.275926,400.933333,7.5e-05,7.5e-05,3,KYU,64.8760986328,-157.727005005
WNA,WNA,2,2,6,0.240642,0.252438,0.0,1.5e-05,1.5e-05,3,WNA,60.69029998779297,-161.97900390625
PKA,PKA,2,2,6,0.240642,0.252438,0.0,1.5e-05,1.5e-05,3,PKA,60.70289993,-161.7779999
PTU,PTU,1,1,6,0.240535,0.251512,0.0,1.5e-05,1.5e-05,3,PTU,59.01139831542969,-161.82000732421875
CHU,CHU,1,1,6,0.237467,0.244938,0.0,1.5e-05,1.5e-05,3,CHU,61.579102,-159.216003
LUR,LUR,1,1,6,0.239256,0.248395,0.0,1.5e-05,1.5e-05,3,LUR,68.87509918,-166.1100006
EGX,EGX,2,2,6,0.23705,0.245154,0.0,1.5e-05,1.5e-05,3,EGX,58.1855010986,-157.375
WSN,WSN,2,2,6,0.23705,0.245154,0.0,1.5e-05,1.5e-05,3,WSN,58.7033996582,-157.007995605
PTH,PTH,1,1,6,0.236946,0.244228,0.0,1.5e-05,1.5e-05,3,PTH,56.95909881591797,-158.63299560546875
KPV,KPV,1,1,6,0.236946,0.244228,0.0,1.5e-05,1.5e-05,3,KPV,55.905998,-159.162993
IGG,IGG,1,1,6,0.236946,0.244228,0.0,1.5e-05,1.5e-05,3,IGG,59.32400131225586,-155.90199279785156
PIP,PIP,1,1,6,0.236946,0.244228,0.0,1.5e-05,1.5e-05,3,PIP,57.5803985596,-157.572006226
FRD,FRD,2,2,2,0.75,0.833333,0.0,0.0,0.0,5,FRD,48.5219993591,-123.024002075
ESD,ESD,2,2,2,0.75,0.833333,0.0,0.0,0.0,5,ESD,48.7081985474,-122.910003662
AGN,AGN,1,1,6,0.260492,0.268302,0.0,7.3e-05,7.3e-05,11,AGN,57.503601,-134.58500700000002
ELV,ELV,1,1,6,0.260492,0.268302,0.0,7.3e-05,7.3e-05,11,ELV,58.1952018738,-136.347000122
TNC,TNC,2,2,6,0.23968,0.250093,0.0,1.5e-05,1.5e-05,3,TNC,65.56310272,-167.9219971
HUS,HUS,3,3,5,0.263801,0.274691,134.9,7.5e-05,7.5e-05,3,HUS,66.04109955,-154.26300049999998
