Id,Label,Degree,Weighted Degree,Eccentricity,closnesscentrality,harmonicclosnesscentrality,betweenesscentrality,Authority,Hub,modularity_class
ATL,ATL,153,1496,5,0.468343,0.585031,13225.92824,0.196238,0.196238,0
ORD,ORD,149,752,5,0.507996,0.598827,18792.454415,0.192769,0.192769,0
MIA,MIA,49,242,5,0.423862,0.483488,1196.687949,0.116859,0.116859,0
JFK,JFK,57,327,5,0.427892,0.49213,360.3388,0.129045,0.129045,0
MSY,MSY,38,244,6,0.409091,0.467778,83.110629,0.109229,0.109229,0
DEN,DEN,149,653,5,0.510397,0.60037,22764.784271,0.181928,0.181928,2
DFW,DFW,138,657,5,0.460751,0.569907,11948.572881,0.181899,0.181899,6
SFO,SFO,71,298,5,0.434433,0.506636,3759.116794,0.129939,0.129939,2
LAX,LAX,85,606,5,0.477454,0.538333,7809.358613,0.146637,0.146637,2
JAX,JAX,24,85,6,0.391872,0.441235,3.62111,0.076892,0.076892,0
RDU,RDU,36,149,6,0.406627,0.464074,66.823015,0.104919,0.104919,0
LAS,LAS,113,404,5,0.493151,0.566728,9258.956561,0.170006,0.170006,2
PHX,PHX,77,441,5,0.473684,0.530617,5032.985212,0.145233,0.145233,2
IND,IND,32,130,6,0.403889,0.458827,63.547831,0.095726,0.095726,0
PHL,PHL,88,412,5,0.440098,0.522068,3409.459573,0.156197,0.156197,0
IAH,IAH,101,287,5,0.445545,0.534722,4551.402163,0.16149,0.16149,6
IAD,IAD,81,214,5,0.435484,0.513735,5261.064521,0.144033,0.144033,0
PBI,PBI,19,74,6,0.372928,0.418549,25.631523,0.055984,0.055984,0
CMH,CMH,31,122,6,0.400297,0.454506,19.634618,0.093258,0.093258,0
MCI,MCI,41,155,5,0.423197,0.477932,957.290898,0.11087,0.11087,0
MCO,MCO,74,348,5,0.435484,0.509414,1727.402436,0.146206,0.146206,0
SAN,SAN,50,207,5,0.424862,0.485031,789.777526,0.114535,0.114535,2
FLL,FLL,58,226,5,0.42654,0.491512,1603.765711,0.1258,0.1258,0
HNL,HNL,28,123,5,0.429594,0.464877,2208.667068,0.058777,0.058777,2
DTW,DTW,114,340,5,0.450751,0.547068,5193.158335,0.17456,0.17456,0
RSW,RSW,31,120,6,0.392727,0.446636,127.848564,0.079537,0.079537,0
CLT,CLT,110,477,5,0.449251,0.543364,6263.728451,0.171432,0.171432,0
STL,STL,56,209,5,0.427553,0.491204,4183.028914,0.124429,0.124429,0
SJC,SJC,27,104,5,0.402085,0.449074,94.779913,0.062457,0.062457,2
MSP,MSP,117,380,5,0.493151,0.569198,12395.027848,0.171941,0.171941,2
TPA,TPA,63,253,5,0.427553,0.495525,678.142168,0.135052,0.135052,0
LGA,LGA,65,282,6,0.408163,0.483519,472.661492,0.122416,0.122416,0
BOS,BOS,70,291,5,0.434084,0.50571,6662.973439,0.138262,0.138262,0
OGG,OGG,20,80,5,0.382979,0.424691,1436.286012,0.034913,0.034913,2
BWI,BWI,63,261,5,0.429253,0.497068,482.52772,0.1398,0.1398,0
BDL,BDL,23,93,6,0.38961,0.438302,7.44982,0.070697,0.070697,0
AUS,AUS,39,153,5,0.416988,0.471296,236.608748,0.103425,0.103425,2
DCA,DCA,85,364,5,0.43654,0.51713,1858.993021,0.152857,0.152857,0
CVG,CVG,43,135,6,0.409712,0.471481,926.057946,0.107875,0.107875,0
EWR,EWR,72,225,5,0.435835,0.508488,650.895474,0.152555,0.152555,0
MEM,MEM,32,112,6,0.393299,0.44787,1326.207944,0.084117,0.084117,0
PIT,PIT,33,134,6,0.402985,0.458519,14.220386,0.099106,0.099106,0
SAT,SAT,30,114,5,0.410334,0.459414,133.25237,0.087041,0.087041,0
ORF,ORF,19,74,6,0.38599,0.431975,2.170648,0.063603,0.063603,0
RIC,RIC,18,74,6,0.378151,0.422716,0.547515,0.05829,0.05829,0
OKC,OKC,22,81,6,0.395315,0.443858,152.07607,0.064653,0.064653,2
MKE,MKE,28,121,5,0.411272,0.458488,18.122527,0.087561,0.087561,0
SMF,SMF,28,102,5,0.404494,0.452315,280.996067,0.067824,0.067824,2
CHS,CHS,20,69,6,0.371645,0.41716,3.262604,0.063116,0.063116,0
BNA,BNA,46,162,6,0.409401,0.473025,1026.791668,0.117025,0.117025,0
DAY,DAY,16,64,6,0.381895,0.425957,0.407065,0.054636,0.054636,0
SEA,SEA,75,310,4,0.48474,0.536574,18159.614873,0.123904,0.123904,2
SLC,SLC,85,256,5,0.472855,0.534938,8437.042981,0.129666,0.129666,2
SDF,SDF,23,83,6,0.38961,0.438302,2.671848,0.075501,0.075501,0
SAV,SAV,13,46,6,0.36635,0.406821,0.279782,0.044649,0.044649,0
BHM,BHM,19,69,6,0.383523,0.429043,9.488198,0.061195,0.061195,0
HOU,HOU,49,149,6,0.393586,0.458519,420.029943,0.099363,0.099363,0
TYS,TYS,17,62,6,0.385439,0.430123,135.198219,0.050401,0.050401,0
RNO,RNO,14,56,5,0.384068,0.421914,3.439481,0.040996,0.040996,2
KOA,KOA,10,39,5,0.356436,0.386728,88.622141,0.020393,0.020393,2
TUS,TUS,16,62,5,0.394737,0.434722,1.388031,0.050392,0.050392,2
GSO,GSO,14,51,6,0.381087,0.423333,71.547604,0.04279,0.04279,0
CLE,CLE,53,151,6,0.411272,0.479198,2954.879751,0.117719,0.117719,0
XNA,XNA,14,48,6,0.385714,0.428426,64.688268,0.04649,0.04649,0
ABQ,ABQ,23,83,5,0.398524,0.443056,1088.82802,0.061594,0.061594,2
SRQ,SRQ,6,26,6,0.349741,0.381049,0.025641,0.020772,0.020772,0
PNS,PNS,11,42,6,0.360481,0.39787,0.509226,0.035982,0.035982,0
JAN,JAN,9,36,6,0.358566,0.39463,1.644953,0.030878,0.030878,0
CAK,CAK,11,44,6,0.372928,0.412377,0.016949,0.038064,0.038064,0
MDW,MDW,67,255,5,0.422866,0.493673,1387.956234,0.131894,0.131894,0
CHA,CHA,8,32,6,0.362416,0.398333,35.472385,0.023972,0.023972,0
HSV,HSV,9,36,6,0.375783,0.414691,0.151793,0.033528,0.033528,0
LIH,LIH,10,40,5,0.356907,0.387346,0.457066,0.022822,0.022822,2
PSP,PSP,14,45,5,0.38599,0.424228,16.020451,0.041363,0.041363,2
PDX,PDX,54,212,5,0.458015,0.504383,3469.685291,0.099941,0.099941,2
ALB,ALB,19,60,6,0.37474,0.41963,1077.842225,0.056405,0.056405,0
ELP,ELP,13,47,6,0.378151,0.41963,5.368141,0.040081,0.040081,2
GSP,GSP,20,58,6,0.371645,0.41716,127.540892,0.055825,0.055825,0
TUL,TUL,18,55,6,0.389892,0.435525,98.03876,0.054725,0.054725,6
SNA,SNA,18,74,5,0.393586,0.434722,45.627238,0.050703,0.050703,2
EYW,EYW,8,33,6,0.32316,0.362222,0.290687,0.022205,0.022205,0
ROC,ROC,17,58,6,0.368852,0.411451,0.977892,0.055398,0.055398,0
FAT,FAT,10,34,5,0.372414,0.406173,0,0.030653,0.030653,2
MYR,MYR,21,64,6,0.368098,0.413302,669.704498,0.043741,0.043741,0
OMA,OMA,20,69,5,0.400891,0.443673,5.675437,0.06653,0.06653,0
BUF,BUF,20,71,6,0.377358,0.423179,1.180694,0.064894,0.064894,0
AVL,AVL,8,24,6,0.356671,0.390926,41.565775,0.019713,0.019713,0
ABY,ABY,1,8,6,0.319149,0.351883,0,0.004225,0.004225,0
CAE,CAE,10,34,6,0.362173,0.399877,0.151793,0.035609,0.035609,0
LIT,LIT,17,58,6,0.384615,0.429043,72.499224,0.051957,0.051957,0
ILM,ILM,5,26,6,0.323353,0.361142,0,0.017206,0.017206,0
ICT,ICT,12,40,6,0.38055,0.42179,42.698859,0.037626,0.037626,6
GPT,GPT,4,18,6,0.329469,0.369784,0,0.01531,0.01531,6
GNV,GNV,5,24,6,0.323353,0.360679,0.016949,0.016488,0.016488,0
MRY,MRY,6,20,6,0.348837,0.378889,0,0.019125,0.019125,2
DAL,DAL,24,75,5,0.375522,0.41821,324.269673,0.039328,0.039328,6
GEG,GEG,10,30,5,0.365112,0.397377,0,0.027352,0.027352,2
EVV,EVV,4,18,6,0.355263,0.387222,0,0.01605,0.01605,0
FWA,FWA,10,32,6,0.369357,0.407284,93.647868,0.022244,0.022244,6
LEX,LEX,13,40,6,0.371134,0.411451,85.034455,0.036735,0.036735,6
CRW,CRW,9,21,6,0.362416,0.399568,1.442179,0.030552,0.030552,0
SYR,SYR,15,50,6,0.368852,0.410062,36.180424,0.046987,0.046987,0
ROA,ROA,9,30,6,0.358328,0.393704,34.204933,0.025864,0.025864,0
OAK,OAK,33,107,5,0.395315,0.445525,292.508336,0.061674,0.061674,2
CID,CID,11,35,6,0.38055,0.42071,141.774174,0.028879,0.028879,6
ONT,ONT,13,43,5,0.373444,0.409105,1.496975,0.035479,0.035479,2
VPS,VPS,5,21,6,0.330073,0.371327,0,0.018601,0.018601,0
MDT,MDT,11,37,6,0.378682,0.418549,77.912948,0.03327,0.03327,0
FMN,FMN,3,18,6,0.33877,0.363457,21.567852,0.004072,0.004072,2
EWN,EWN,2,10,6,0.320665,0.354969,0,0.007916,0.007916,0
FAY,FAY,4,16,6,0.323547,0.360833,0.151793,0.014308,0.014308,0
KTN,KTN,7,27,5,0.330477,0.350463,2301.633807,0.002749,0.002749,11
FNT,FNT,8,26,6,0.361688,0.396944,0.016949,0.027338,0.027338,0
FSM,FSM,2,10,6,0.326679,0.364228,0,0.008142,0.008142,6
ALS,ALS,2,12,6,0.338558,0.362531,0,0.004005,0.004005,2
MFR,MFR,7,18,5,0.35976,0.388735,0,0.021144,0.021144,2
DAB,DAB,2,10,6,0.320665,0.354969,0,0.007916,0.007916,0
CSG,CSG,1,6,6,0.319149,0.351883,0,0.004225,0.004225,0
SAF,SAF,3,12,6,0.35225,0.38213,0,0.010991,0.010991,2
CHO,CHO,6,26,6,0.352711,0.385062,0,0.021166,0.021166,0
BTR,BTR,4,16,6,0.329469,0.369784,0,0.01531,0.01531,6
DSM,DSM,17,57,6,0.385439,0.429969,171.291292,0.050855,0.050855,6
ECP,ECP,5,14,6,0.32316,0.360833,0,0.014573,0.014573,0
BMI,BMI,8,24,6,0.377622,0.415617,38.406989,0.02741,0.02741,6
DHN,DHN,1,6,6,0.319149,0.351883,0,0.004225,0.004225,0
BQK,BQK,1,6,6,0.319149,0.351883,0,0.004225,0.004225,0
CWA,CWA,3,10,6,0.346154,0.373488,0,0.011611,0.011611,0
GRB,GRB,4,16,6,0.35503,0.385988,0,0.015836,0.015836,0
PHF,PHF,5,18,6,0.365112,0.398642,20.605589,0.015789,0.015789,0
FAR,FAR,10,28,6,0.380282,0.419784,129.851621,0.027673,0.027673,6
ANC,ANC,34,118,4,0.444811,0.48071,47902.710616,0.031062,0.031062,3
FSD,FSD,9,26,6,0.377887,0.416389,96.088174,0.024881,0.024881,6
OAJ,OAJ,3,14,6,0.321237,0.356512,0,0.011207,0.011207,0
GRR,GRR,20,56,6,0.389329,0.436142,191.653842,0.05774,0.05774,0
MSN,MSN,11,34,6,0.378151,0.418086,0.372685,0.037995,0.037995,0
PIA,PIA,10,30,6,0.378151,0.417623,94.240321,0.028287,0.028287,6
CYS,CYS,2,12,6,0.338558,0.362531,539,0.003919,0.003919,2
WRL,WRL,1,6,7,0.253046,0.263258,0,0.000084,0.000084,2
SBN,SBN,9,22,6,0.366102,0.402654,88.279489,0.021046,0.021046,6
SGF,SGF,9,28,6,0.376045,0.414228,114.215267,0.021419,0.021419,6
SHV,SHV,5,16,6,0.365359,0.399259,0,0.019196,0.019196,6
PVD,PVD,19,55,6,0.372671,0.417315,6.170715,0.058768,0.058768,0
TLH,TLH,7,30,6,0.331492,0.374259,0.016949,0.023695,0.023695,0
TRI,TRI,4,14,6,0.325497,0.363302,10.666429,0.008856,0.008856,0
EUG,EUG,9,27,5,0.361204,0.391821,22.979567,0.022842,0.022842,2
VLD,VLD,1,6,6,0.319149,0.351883,0,0.004225,0.004225,0
MOB,MOB,5,18,6,0.355731,0.388457,0,0.01946,0.01946,6
GRK,GRK,3,12,6,0.327869,0.366698,0,0.011619,0.011619,6
GTR,GTR,1,6,6,0.319149,0.351883,0,0.004225,0.004225,0
LFT,LFT,3,12,6,0.327869,0.366698,0,0.011619,0.011619,6
FAI,FAI,18,42,4,0.357143,0.382407,10216.811046,0.003392,0.003392,3
FYU,FYU,4,12,5,0.264188,0.27608,1105.624175,0.000075,0.000075,3
DDC,DDC,2,10,6,0.338346,0.362222,0,0.004003,0.004003,2
LBL,LBL,2,10,6,0.338346,0.362222,0,0.004003,0.004003,2
HPN,HPN,16,46,6,0.356671,0.396327,842.127505,0.034509,0.034509,0
ATW,ATW,7,18,6,0.364865,0.399877,41.956001,0.020459,0.020459,6
MLU,MLU,3,12,6,0.327869,0.366698,0,0.011619,0.011619,6
MTM,MTM,1,6,6,0.248504,0.256728,0,0.000059,0.000059,11
MLI,MLI,10,30,6,0.379747,0.419167,102.247697,0.02864,0.02864,6
MLB,MLB,2,10,6,0.320665,0.354969,0,0.007916,0.007916,0
MGM,MGM,3,14,6,0.328267,0.367315,0,0.011833,0.011833,0
LGB,LGB,12,36,5,0.362903,0.395679,4.135036,0.031068,0.031068,2
BOI,BOI,16,41,5,0.378947,0.417438,46.86429,0.039448,0.039448,2
UNK,UNK,5,18,5,0.31106,0.326975,1053,0.000686,0.000686,3
BUR,BUR,12,36,5,0.36193,0.394599,116.149422,0.028091,0.028091,2
SOW,SOW,2,12,6,0.322196,0.339074,1.707875,0.003215,0.003215,2
TVC,TVC,3,10,6,0.346154,0.373488,0,0.011611,0.011611,0
HON,HON,1,6,7,0.253283,0.263721,0,0.000086,0.000086,2
PIR,PIR,3,16,6,0.338983,0.363765,557.318547,0.004,0.004,2
AMA,AMA,6,19,6,0.356907,0.389383,3.20142,0.018657,0.018657,6
ENA,ENA,1,6,5,0.308043,0.319259,0,0.000669,0.000669,3
ANI,ANI,8,24,5,0.311239,0.328981,3198.5,0.000686,0.000686,3
ABE,ABE,9,26,6,0.357143,0.39216,45.390961,0.021309,0.021309,0
AGS,AGS,3,14,6,0.321237,0.356512,0,0.011207,0.011207,0
AEX,AEX,3,12,6,0.327869,0.366698,0,0.011619,0.011619,6
BTV,BTV,10,27,6,0.357616,0.393395,20.494313,0.031181,0.031181,0
AVP,AVP,6,19,6,0.355731,0.388457,15.786189,0.019781,0.019781,0
JNU,JNU,12,34,5,0.352021,0.372901,4758.725148,0.003412,0.003412,11
COS,COS,11,27,5,0.391588,0.428241,1.854637,0.037862,0.037862,2
MHT,MHT,14,40,6,0.366599,0.406975,1.156624,0.046799,0.046799,0
ATY,ATY,2,6,6,0.331288,0.352346,16.682319,0.003788,0.003788,2
SCE,SCE,4,10,6,0.344388,0.372562,0,0.014373,0.014373,0
SBY,SBY,2,8,6,0.312862,0.342932,0,0.007054,0.007054,0
ABL,ABL,3,8,6,0.239468,0.250247,0,0.000015,0.000015,3
OTZ,OTZ,13,41,5,0.314319,0.337469,5868,0.000688,0.000688,3
LAN,LAN,6,16,6,0.359521,0.392623,19.950284,0.01972,0.01972,0
SBP,SBP,3,8,6,0.329068,0.350031,0,0.009082,0.009082,2
SBA,SBA,6,16,5,0.354098,0.381327,0,0.017818,0.017818,2
BET,BET,22,42,5,0.31653,0.34642,11588.5,0.000676,0.000676,3
KWN,KWN,3,9,6,0.240856,0.253673,539,0.000015,0.000015,3
BIS,BIS,5,12,6,0.355497,0.386605,34.920747,0.012242,0.012242,2
CDV,CDV,2,6,5,0.308395,0.320494,107.741045,0.000671,0.000671,3
SWF,SWF,5,12,6,0.317647,0.352654,5.077863,0.013325,0.013325,0
ACY,ACY,9,20,6,0.352941,0.387222,0.884721,0.025781,0.025781,0
ADQ,ADQ,3,7,5,0.309101,0.322191,1613,0.000669,0.000669,3
BZN,BZN,7,16,5,0.371901,0.403549,18.62831,0.02126,0.02126,2
STS,STS,4,12,5,0.336868,0.356636,0,0.010443,0.010443,2
YUM,YUM,2,6,6,0.326877,0.346019,0,0.006284,0.006284,2
MAF,MAF,7,17,6,0.356201,0.389228,20.521421,0.018201,0.018201,6
LBB,LBB,8,19,6,0.355966,0.389537,41.464307,0.018503,0.018503,6
ITO,ITO,3,8,6,0.324714,0.343549,0,0.005174,0.005174,2
HRL,HRL,7,15,6,0.311419,0.343549,0.924364,0.011354,0.011354,6
MKK,MKK,3,7,6,0.301339,0.31463,0,0.002062,0.002062,2
PGA,PGA,3,8,6,0.34005,0.365309,539,0.007047,0.007047,2
GST,GST,2,6,6,0.260618,0.269228,0,0.000075,0.000075,11
HNH,HNH,2,6,6,0.260618,0.269228,0,0.000075,0.000075,11
HNS,HNS,2,7,6,0.260618,0.269228,0,0.000075,0.000075,11
SGY,SGY,2,7,6,0.260618,0.269228,0,0.000075,0.000075,11
LNY,LNY,3,7,6,0.301339,0.31463,0,0.002062,0.002062,2
ISP,ISP,11,33,6,0.321237,0.361914,20.899874,0.026081,0.026081,0
MOT,MOT,4,10,6,0.349063,0.377963,5.067756,0.01165,0.01165,2
PQI,PQI,1,4,6,0.30286,0.325031,0,0.002977,0.002977,0
PBG,PBG,5,14,6,0.314319,0.34679,22.876621,0.007567,0.007567,0
AKN,AKN,8,12,5,0.310345,0.327593,3218,0.000685,0.000685,3
CDB,CDB,4,10,5,0.309101,0.322963,1614,0.00067,0.00067,3
DLG,DLG,2,6,5,0.309278,0.322037,0,0.000684,0.000684,3
MCG,MCG,4,11,5,0.310167,0.32466,1077,0.000684,0.000684,3
SDP,SDP,1,4,5,0.308043,0.319259,0,0.000669,0.000669,3
SNP,SNP,2,6,5,0.308219,0.320185,0,0.000683,0.000683,3
STG,STG,2,6,5,0.308219,0.320185,0,0.000683,0.000683,3
BLI,BLI,9,20,5,0.348162,0.375,17.576129,0.017958,0.017958,2
RDM,RDM,6,16,5,0.355497,0.383179,0,0.017483,0.017483,2
HTS,HTS,4,10,6,0.318021,0.352191,6.022666,0.005572,0.005572,6
LYH,LYH,1,4,6,0.310167,0.337685,0,0.003691,0.003691,0
PGV,PGV,1,4,6,0.310167,0.337685,0,0.003691,0.003691,0
CMI,CMI,2,8,6,0.345711,0.373488,0,0.008067,0.008067,6
GLV,GLV,3,8,6,0.239787,0.251019,0.5,0.000016,0.000016,3
WMO,WMO,2,8,6,0.23968,0.250093,0,0.000015,0.000015,3
GAM,GAM,2,8,6,0.23968,0.250093,0,0.000015,0.000015,3
SVA,SVA,2,8,6,0.23968,0.250093,0,0.000015,0.000015,3
OME,OME,15,45,5,0.314869,0.33963,5882.5,0.000703,0.000703,3
DRO,DRO,3,10,6,0.350649,0.379969,0,0.01096,0.01096,2
COU,COU,2,8,6,0.345711,0.373488,0,0.008067,0.008067,6
CRP,CRP,4,10,6,0.318396,0.352963,0.270833,0.009931,0.009931,6
DBQ,DBQ,1,4,6,0.337079,0.360525,0,0.00415,0.00415,0
HHH,HHH,2,8,6,0.311239,0.340154,0,0.006982,0.006982,0
ART,ART,2,8,6,0.34005,0.365309,0,0.007513,0.007513,0
KKA,KKA,4,10,6,0.24,0.252253,1.5,0.000031,0.000031,3
SKK,SKK,3,11,6,0.239893,0.251327,0,0.000031,0.000031,3
IAN,IAN,2,8,6,0.239362,0.249321,0,0.000015,0.000015,3
AZO,AZO,4,12,6,0.35503,0.385988,0,0.015836,0.015836,0
BFL,BFL,5,12,6,0.350877,0.381667,0,0.016476,0.016476,2
BGM,BGM,3,8,6,0.316159,0.348642,0,0.010223,0.010223,0
BGR,BGR,6,16,6,0.320285,0.35713,9.846908,0.013988,0.013988,0
ALO,ALO,1,4,6,0.337079,0.360525,0,0.00415,0.00415,0
SHH,SHH,2,6,6,0.23968,0.250093,0,0.000015,0.000015,3
ORV,ORV,2,8,6,0.239362,0.249321,0,0.000015,0.000015,3
WLK,WLK,1,4,6,0.239256,0.248395,0,0.000015,0.000015,3
SMK,SMK,1,4,6,0.237363,0.244383,0,0.000015,0.000015,3
MBS,MBS,4,10,6,0.35503,0.385988,0,0.015836,0.015836,0
ABI,ABI,1,4,6,0.315605,0.346636,0,0.003916,0.003916,6
ACT,ACT,1,4,6,0.315605,0.346636,0,0.003916,0.003916,6
CLL,CLL,2,6,6,0.316901,0.349414,0,0.007393,0.007393,6
FLO,FLO,1,4,6,0.310167,0.337685,0,0.003691,0.003691,0
BPT,BPT,1,4,6,0.315605,0.346636,0,0.003916,0.003916,6
BRO,BRO,2,6,6,0.316901,0.349414,0,0.007393,0.007393,6
RBY,RBY,3,7,5,0.26393,0.275,133.2,0.000075,0.000075,3
HVN,HVN,1,4,6,0.305776,0.330432,0,0.003363,0.003363,0
IPT,IPT,1,4,6,0.305776,0.330432,0,0.003363,0.003363,0
ITH,ITH,3,8,6,0.314136,0.345247,0,0.010406,0.010406,0
ELI,ELI,3,9,6,0.239787,0.251019,0.5,0.000016,0.000016,3
DRG,DRG,2,8,6,0.239362,0.249321,0,0.000015,0.000015,3
BKC,BKC,2,8,6,0.239362,0.249321,0,0.000015,0.000015,3
MMH,MMH,1,4,6,0.323353,0.340154,0,0.003157,0.003157,2
SJT,SJT,1,4,6,0.315605,0.346636,0,0.003916,0.003916,6
SPS,SPS,1,4,6,0.315605,0.346636,0,0.003916,0.003916,6
TXK,TXK,1,4,6,0.315605,0.346636,0,0.003916,0.003916,6
TYR,TYR,2,6,6,0.316901,0.349414,0,0.007393,0.007393,6
ELM,ELM,5,12,6,0.346598,0.375648,17.966056,0.012211,0.012211,6
ERI,ERI,3,8,6,0.314136,0.34571,0,0.009656,0.009656,0
FLG,FLG,1,4,6,0.32162,0.337531,0,0.003127,0.003127,2
GJT,GJT,6,16,6,0.358328,0.391389,0,0.02089,0.02089,2
MQT,MQT,2,6,6,0.340265,0.365463,0,0.007909,0.007909,0
VDZ,VDZ,1,4,5,0.308043,0.319259,0,0.000669,0.000669,3
RST,RST,3,8,6,0.345711,0.37287,4.591683,0.008223,0.008223,6
KSM,KSM,3,8,5,0.309101,0.322191,1053,0.000669,0.000669,3
SUX,SUX,1,4,6,0.337079,0.360525,0,0.00415,0.00415,0
TOL,TOL,4,10,6,0.343075,0.370401,18.381152,0.00533,0.00533,6
HOM,HOM,1,4,5,0.308043,0.319259,0,0.000669,0.000669,3
LSE,LSE,2,6,6,0.343511,0.369321,0,0.007852,0.007852,0
MHK,MHK,2,8,6,0.345711,0.373488,0,0.008067,0.008067,6
LRD,LRD,3,8,6,0.344828,0.37179,0,0.011054,0.011054,6
RAP,RAP,7,16,6,0.368349,0.404506,14.203073,0.022508,0.022508,6
LCH,LCH,2,6,6,0.316901,0.349414,0,0.007393,0.007393,6
LAW,LAW,1,4,6,0.315605,0.346636,0,0.003916,0.003916,6
JLN,JLN,1,4,6,0.315605,0.346636,0,0.003916,0.003916,6
GRI,GRI,3,8,6,0.344388,0.371173,4.038506,0.007947,0.007947,6
ROW,ROW,1,4,6,0.315605,0.346636,0,0.003916,0.003916,6
GGG,GGG,1,4,6,0.315605,0.346636,0,0.003916,0.003916,6
GCK,GCK,1,4,6,0.315605,0.346636,0,0.003916,0.003916,6
MFE,MFE,3,8,6,0.344828,0.37179,0,0.011054,0.011054,6
ANV,ANV,1,3,7,0.192102,0.196821,0,0,0,3
HCR,HCR,2,6,6,0.237676,0.246173,539,0.000015,0.000015,3
KWK,KWK,3,7,6,0.240749,0.253364,0.5,0.000015,0.000015,3
CYF,CYF,2,6,6,0.240642,0.252438,0,0.000015,0.000015,3
KPN,KPN,3,6,6,0.240749,0.253364,0.5,0.000015,0.000015,3
KLG,KLG,3,8,6,0.242261,0.256389,42,0.00003,0.00003,3
SHX,SHX,1,3,6,0.237467,0.244938,0,0.000015,0.000015,3
RSH,RSH,4,8,6,0.24237,0.257315,50,0.00003,0.00003,3
KTS,KTS,3,8,6,0.239787,0.251019,0.5,0.000016,0.000016,3
WAA,WAA,4,9,6,0.239893,0.251944,1.5,0.000016,0.000016,3
SIT,SIT,2,6,6,0.261122,0.270463,0,0.000133,0.000133,11
CDR,CDR,2,6,6,0.338346,0.362222,0,0.004003,0.004003,2
AIA,AIA,2,6,6,0.338346,0.362222,0,0.004003,0.004003,2
WTK,WTK,2,5,6,0.239362,0.249321,0,0.000015,0.000015,3
TLA,TLA,2,6,6,0.23968,0.250093,0,0.000015,0.000015,3
KVL,KVL,2,5,6,0.239362,0.249321,0,0.000015,0.000015,3
KKH,KKH,2,5,6,0.240642,0.252438,0,0.000015,0.000015,3
KLW,KLW,1,3,6,0.248504,0.256728,0,0.000059,0.000059,11
EEK,EEK,2,6,6,0.240749,0.252747,0,0.000015,0.000015,3
GAL,GAL,6,14,5,0.264317,0.277778,936.6,0.000077,0.000077,3
NUL,NUL,3,6,6,0.209302,0.21713,0.333333,0.000003,0.000003,3
AKP,AKP,2,6,5,0.263415,0.273148,0,0.000075,0.000075,3
BTT,BTT,3,8,5,0.263543,0.274074,0.5,0.000076,0.000076,3
KAL,KAL,3,6,6,0.209383,0.217438,0.533333,0.000002,0.000002,3
PWM,PWM,12,20,6,0.361204,0.399877,0.72276,0.040446,0.040446,0
SCC,SCC,5,11,5,0.313043,0.329537,773.875825,0.000759,0.000759,3
KWT,KWT,1,3,6,0.240535,0.251512,0,0.000015,0.000015,3
EMK,EMK,3,7,6,0.241179,0.254444,561,0.000015,0.000015,3
KOT,KOT,2,5,6,0.238938,0.2475,4,0.000015,0.000015,3
SFB,SFB,48,94,6,0.319527,0.38213,2002.538922,0.02752,0.02752,6
CNM,CNM,1,2,6,0.285111,0.300895,0,0.001326,0.001326,2
PIE,PIE,31,62,7,0.297357,0.344308,317.159547,0.016115,0.016115,6
HGR,HGR,2,4,6,0.310881,0.340154,2.560317,0.003694,0.003694,6
LAM,LAM,1,2,6,0.285111,0.300895,0,0.001326,0.001326,2
MKL,MKL,2,4,7,0.291892,0.314678,0.196911,0.004331,0.004331,0
ILI,ILI,1,2,5,0.308043,0.319259,0,0.000669,0.000669,3
PDT,PDT,1,2,6,0.314319,0.327963,0,0.002152,0.002152,2
HRO,HRO,2,4,6,0.299169,0.319167,0,0.004198,0.004198,0
IPL,IPL,2,4,6,0.298673,0.319012,0.083333,0.003071,0.003071,2
SLN,SLN,1,2,6,0.297521,0.315617,0,0.002387,0.002387,0
VCT,VCT,1,2,6,0.308395,0.334753,0,0.003477,0.003477,6
GTF,GTF,7,14,5,0.361204,0.390586,18.985396,0.017399,0.017399,2
OTH,OTH,2,4,6,0.32316,0.340154,0,0.004949,0.004949,2
PGD,PGD,18,35,7,0.299169,0.336746,65.542982,0.011133,0.011133,6
LNS,LNS,1,2,6,0.303541,0.327346,0,0.003101,0.003101,0
GFK,GFK,5,10,6,0.345711,0.374105,557.251505,0.008329,0.008329,6
RFD,RFD,5,10,6,0.340479,0.366698,25.744033,0.00521,0.00521,6
PSM,PSM,1,2,7,0.242261,0.264378,0,0.000593,0.000593,6
IAG,IAG,5,10,6,0.308748,0.338765,6.524434,0.00483,0.00483,6
LBE,LBE,3,6,6,0.30647,0.332593,0.111429,0.006798,0.006798,0
AKB,AKB,1,2,2,0.6,0.666667,0,0,0,4
DUT,DUT,3,6,1,1,1,3,0,0,4
YNG,YNG,4,8,7,0.278351,0.305758,3.547318,0.002121,0.002121,6
BFI,BFI,3,4,1,1,1,2,0,0,5
CLM,CLM,1,2,2,0.6,0.666667,0,0,0,5
JHM,JHM,2,4,6,0.300836,0.313086,0,0.001705,0.001705,2
HNM,HNM,1,2,6,0.277065,0.29213,0,0.000752,0.000752,2
MUE,MUE,1,2,6,0.277065,0.29213,0,0.000752,0.000752,2
ELD,ELD,3,5,6,0.293638,0.314599,4.868906,0.002698,0.002698,6
HOT,HOT,2,4,7,0.282723,0.302703,0,0.001869,0.001869,6
OWB,OWB,2,4,6,0.307868,0.334599,4.491798,0.003272,0.003272,6
IKO,IKO,1,2,2,0.6,0.666667,0,0,0,4
NLG,NLG,1,2,6,0.23622,0.242531,0,0.000014,0.000014,3
KVC,KVC,1,2,6,0.23622,0.242531,0,0.000014,0.000014,3
PVU,PVU,3,6,6,0.331492,0.352809,3.038176,0.004856,0.004856,2
KFP,KFP,1,2,6,0.23622,0.242531,0,0.000014,0.000014,3
HYG,HYG,1,2,6,0.248504,0.256728,0,0.000059,0.000059,11
AHN,AHN,1,2,7,0.290635,0.3119,0,0.00252,0.00252,0
VIS,VIS,1,2,6,0.323353,0.340154,0,0.003157,0.003157,2
KQA,KQA,1,2,2,0.6,0.666667,0,0,0,4
PSC,PSC,8,16,5,0.363636,0.39429,21.174739,0.022059,0.022059,2
MSO,MSO,7,14,5,0.36193,0.391512,16.60569,0.019261,0.019261,2
IDA,IDA,4,8,6,0.346598,0.374568,5.572884,0.01074,0.01074,2
PRC,PRC,1,2,6,0.323353,0.340154,0,0.003157,0.003157,2
LCK,LCK,2,4,7,0.243134,0.267002,0.399145,0.000939,0.000939,6
SMX,SMX,2,4,6,0.335196,0.357438,0,0.006818,0.006818,2
SCK,SCK,1,2,6,0.330477,0.350031,0,0.00366,0.00366,2
LNK,LNK,3,6,6,0.355966,0.386451,0,0.011769,0.011769,2
LMT,LMT,2,4,6,0.32316,0.340154,0,0.004949,0.004949,2
MKG,MKG,1,2,6,0.337079,0.360525,0,0.00415,0.00415,0
BFF,BFF,1,2,6,0.338134,0.361296,0,0.003917,0.003917,2
CEZ,CEZ,1,2,6,0.338134,0.361296,0,0.003917,0.003917,2
LBF,LBF,1,2,6,0.338134,0.361296,0,0.003917,0.003917,2
MCK,MCK,1,2,6,0.338134,0.361296,0,0.003917,0.003917,2
STC,STC,2,4,6,0.341989,0.36716,3.152316,0.004521,0.004521,6
PAH,PAH,1,2,6,0.337079,0.360525,0,0.00415,0.00415,0
MOD,MOD,1,2,6,0.30303,0.32534,0,0.002798,0.002798,2
SHD,SHD,2,3,6,0.303712,0.328272,0,0.003169,0.003169,0
MGW,MGW,2,4,6,0.304569,0.329198,0,0.003182,0.003182,6
RIW,RIW,1,2,6,0.338134,0.361296,0,0.003917,0.003917,2
GCN,GCN,1,2,7,0.253879,0.264493,0,0.000152,0.000152,2
APF,APF,1,2,6,0.297849,0.31716,0,0.002516,0.002516,0
BKG,BKG,4,8,6,0.343293,0.370093,1.43364,0.009743,0.009743,6
RDD,RDD,1,2,6,0.30303,0.32534,0,0.002798,0.002798,2
LWB,LWB,2,4,6,0.321429,0.356204,0,0.007326,0.007326,0
LUK,LUK,3,6,6,0.313407,0.344167,18.42229,0.006584,0.006584,0
FKL,FKL,2,4,7,0.291734,0.314832,0,0.00259,0.00259,1
DUJ,DUJ,2,4,7,0.291734,0.314832,0,0.00259,0.00259,1
CLD,CLD,1,2,6,0.323353,0.340154,0,0.003157,0.003157,2
CKB,CKB,3,5,6,0.31106,0.34108,15.190811,0.003762,0.003762,6
CIC,CIC,1,2,6,0.30303,0.32534,0,0.002798,0.002798,2
CEC,CEC,2,4,6,0.3032,0.326265,0,0.002891,0.002891,2
COD,COD,2,4,6,0.340909,0.365926,0,0.006709,0.006709,2
CMX,CMX,1,2,6,0.337079,0.360525,0,0.00415,0.00415,0
JHW,JHW,2,4,7,0.291734,0.314832,0,0.00259,0.00259,8
PKB,PKB,1,2,7,0.291577,0.313907,0,0.002535,0.002535,0
ASE,ASE,2,4,6,0.34134,0.366543,0,0.007074,0.007074,2
AOO,AOO,2,4,6,0.303712,0.328272,0,0.003169,0.003169,7
JST,JST,2,4,6,0.303712,0.328272,0,0.003169,0.003169,7
ACV,ACV,3,6,6,0.303371,0.327191,0.5,0.00432,0.00432,2
ACK,ACK,6,12,6,0.304225,0.330586,567.458115,0.003905,0.003905,9
TEB,TEB,1,2,7,0.233362,0.245026,0,0.000084,0.000084,9
MBL,MBL,1,2,6,0.297357,0.319475,0,0.00284,0.00284,0
MMU,MMU,2,4,7,0.291419,0.313289,0.835531,0.002464,0.002464,0
BKW,BKW,2,3,6,0.303712,0.328272,0,0.003169,0.003169,0
BIL,BIL,12,24,5,0.364372,0.397685,2701.60569,0.019306,0.019306,2
BFD,BFD,2,4,7,0.291734,0.314832,0,0.00259,0.00259,8
CPR,CPR,3,6,6,0.345269,0.372099,0,0.010369,0.010369,2
HOB,HOB,1,2,6,0.308395,0.334753,0,0.003477,0.003477,6
FOE,FOE,1,2,6,0.337079,0.360525,0,0.00415,0.00415,0
JAC,JAC,2,4,6,0.340909,0.365926,0,0.006709,0.006709,2
ISN,ISN,2,4,6,0.345489,0.371944,0,0.007619,0.007619,2
SHR,SHR,1,2,6,0.338134,0.361296,0,0.003917,0.003917,2
MCE,MCE,1,2,6,0.323353,0.340154,0,0.003157,0.003157,2
HLN,HLN,5,9,5,0.358566,0.385957,0,0.013453,0.013453,2
HDN,HDN,1,2,6,0.338134,0.361296,0,0.003917,0.003917,2
GUC,GUC,1,2,6,0.338134,0.361296,0,0.003917,0.003917,2
GCC,GCC,3,6,6,0.341124,0.366852,0,0.006856,0.006856,2
FCA,FCA,5,10,5,0.36,0.387809,0,0.016739,0.016739,2
EGE,EGE,1,2,6,0.338134,0.361296,0,0.003917,0.003917,2
DIK,DIK,2,4,6,0.345489,0.371944,0,0.007619,0.007619,2
LAR,LAR,1,2,6,0.338134,0.361296,0,0.003917,0.003917,2
EAU,EAU,1,2,6,0.337079,0.360525,0,0.00415,0.00415,0
DLH,DLH,4,8,6,0.349741,0.379043,4.591683,0.011883,0.011883,2
SGU,SGU,2,4,6,0.340909,0.365926,0,0.006709,0.006709,2
RKS,RKS,3,6,6,0.341124,0.366852,0,0.006856,0.006856,2
PUB,PUB,1,2,6,0.338134,0.361296,0,0.003917,0.003917,2
MTJ,MTJ,1,2,6,0.338134,0.361296,0,0.003917,0.003917,2
APN,APN,2,4,6,0.33877,0.363148,0,0.00746,0.00746,2
ABR,ABR,1,2,6,0.330477,0.350648,0,0.003702,0.003702,2
BJI,BJI,1,2,6,0.330477,0.350648,0,0.003702,0.003702,2
ORH,ORH,2,4,6,0.30543,0.330123,0,0.005856,0.005856,0
YKM,YKM,1,2,5,0.326679,0.340895,0,0.002668,0.002668,2
ESC,ESC,1,2,6,0.310881,0.33892,0,0.003758,0.003758,0
BTM,BTM,1,2,6,0.321237,0.338457,0,0.002792,0.002792,2
BRD,BRD,2,4,6,0.33068,0.351574,0,0.003783,0.003783,2
INL,INL,2,4,6,0.33068,0.351574,0,0.003783,0.003783,2
CDC,CDC,1,2,6,0.321237,0.338457,0,0.002792,0.002792,2
CNY,CNY,1,2,6,0.321237,0.338457,0,0.002792,0.002792,2
CIU,CIU,1,2,6,0.310881,0.33892,0,0.003758,0.003758,0
HYA,HYA,3,5,6,0.303712,0.327809,0.54375,0.003804,0.003804,9
TVF,TVF,1,2,7,0.25702,0.268629,0,0.000179,0.000179,6
VEE,VEE,2,4,6,0.209221,0.215988,539,0.000002,0.000002,3
LMA,LMA,1,2,5,0.263286,0.272222,0,0.000073,0.000073,3
ARC,ARC,1,2,7,0.173077,0.177072,0,0,0,3
AET,AET,3,5,5,0.263672,0.274383,0.7,0.000076,0.000076,3
AKK,AKK,1,2,6,0.23622,0.242315,0,0.000014,0.000014,3
OBU,OBU,3,6,6,0.239468,0.250247,0,0.000015,0.000015,3
SHG,SHG,3,6,6,0.239468,0.250247,0,0.000015,0.000015,3
EWB,EWB,3,5,7,0.264576,0.281684,0,0.000909,0.000909,9
MVY,MVY,4,8,6,0.303883,0.328735,27.624782,0.003824,0.003824,9
CGI,CGI,1,2,6,0.299667,0.319938,0,0.002679,0.002679,0
SLK,SLK,1,2,6,0.30286,0.325031,0,0.002977,0.002977,0
RUT,RUT,1,2,6,0.30286,0.325031,0,0.002977,0.002977,0
RKD,RKD,1,2,6,0.30286,0.325031,0,0.002977,0.002977,0
PVC,PVC,1,2,6,0.30286,0.325031,0,0.002977,0.002977,0
LEB,LEB,2,4,6,0.303371,0.326574,0.54375,0.00372,0.00372,0
SDY,SDY,1,2,6,0.267194,0.279846,0,0.000416,0.000416,2
OLF,OLF,1,2,6,0.267194,0.279846,0,0.000416,0.000416,2
HVR,HVR,1,2,6,0.267194,0.279846,0,0.000416,0.000416,2
GGW,GGW,1,2,6,0.267194,0.279846,0,0.000416,0.000416,2
GDV,GDV,1,2,6,0.267194,0.279846,0,0.000416,0.000416,2
BHB,BHB,1,2,6,0.30286,0.325031,0,0.002977,0.002977,0
AUG,AUG,1,2,6,0.30286,0.325031,0,0.002977,0.002977,0
OGS,OGS,1,2,7,0.272727,0.289277,0,0.001214,0.001214,0
MSS,MSS,1,2,7,0.272727,0.289277,0,0.001214,0.001214,0
NUI,NUI,2,4,6,0.238938,0.247593,0,0.000033,0.000033,3
TOG,TOG,1,2,7,0.194175,0.200648,0,0,0,3
MOU,MOU,1,2,6,0.23622,0.242315,0,0.000014,0.000014,3
WBQ,WBQ,1,2,5,0.263286,0.272222,0,0.000073,0.000073,3
CIK,CIK,2,4,5,0.263801,0.27392,0,0.000075,0.000075,3
NIB,NIB,1,2,6,0.236842,0.243395,0,0.000015,0.000015,3
MCN,MCN,2,4,6,0.320475,0.35466,0,0.007373,0.007373,0
GLH,GLH,1,2,7,0.242261,0.257033,0,0.000091,0.000091,10
TUP,TUP,2,4,6,0.319527,0.353117,539,0.004227,0.004227,10
PIB,PIB,1,2,6,0.319149,0.351883,0,0.004225,0.004225,0
MSL,MSL,1,2,6,0.319149,0.351883,0,0.004225,0.004225,0
MEI,MEI,1,2,6,0.319149,0.351883,0,0.004225,0.004225,0
JBR,JBR,1,2,6,0.299667,0.319938,0,0.002679,0.002679,0
DEC,DEC,2,4,6,0.339836,0.365,0,0.006829,0.006829,0
BRL,BRL,2,4,6,0.339836,0.365,0,0.006829,0.006829,0
MLL,MLL,2,3,6,0.241287,0.253457,0,0.000015,0.000015,3
NME,NME,2,4,6,0.240642,0.252438,0,0.000015,0.000015,3
BRW,BRW,7,13,5,0.313407,0.331389,1879.5,0.00076,0.00076,3
PIZ,PIZ,1,2,6,0.238727,0.246358,0,0.000016,0.000016,3
HPB,HPB,3,4,6,0.240749,0.253364,0,0.000015,0.000015,3
VAK,VAK,3,4,6,0.240749,0.253364,0,0.000015,0.000015,3
HSL,HSL,5,6,6,0.209627,0.219599,4.766667,0.000007,0.000007,3
BTI,BTI,2,4,6,0.239256,0.247994,2.5,0.000018,0.000018,3
OOK,OOK,3,4,6,0.240749,0.253364,0.5,0.000015,0.000015,3
AUK,AUK,1,2,7,0.194384,0.201049,0,0,0,3
ATK,ATK,2,4,6,0.238832,0.247284,0,0.000017,0.000017,3
AIN,AIN,2,4,6,0.238832,0.247284,0,0.000017,0.000017,3
LWS,LWS,4,8,5,0.334158,0.353241,7.799714,0.006369,0.006369,2
PUW,PUW,2,4,5,0.326877,0.341821,0,0.002805,0.002805,2
WRG,WRG,2,4,6,0.248733,0.257963,2,0.000061,0.000061,11
YAK,YAK,2,4,6,0.260744,0.269537,6.233333,0.000088,0.000088,11
PSG,PSG,2,4,6,0.260744,0.269537,35.433333,0.000075,0.000075,11
EAT,EAT,1,2,5,0.326679,0.340895,0,0.002668,0.002668,2
IRK,IRK,1,2,6,0.299667,0.319938,0,0.002679,0.002679,0
ALW,ALW,1,2,5,0.326679,0.340895,0,0.002668,0.002668,2
ADK,ADK,1,2,5,0.308043,0.319259,0,0.000669,0.000669,3
SPI,SPI,4,5,6,0.351334,0.381821,20.982183,0.008899,0.008899,6
UIN,UIN,1,2,6,0.299667,0.319938,0,0.002679,0.002679,0
TBN,TBN,1,2,6,0.299667,0.319938,0,0.002679,0.002679,0
MWA,MWA,1,2,6,0.299667,0.319938,0,0.002679,0.002679,0
ILG,ILG,6,12,6,0.353403,0.384907,0.050282,0.018283,0.018283,0
TTN,TTN,14,28,6,0.331085,0.378272,540.109893,0.036705,0.036705,0
AZA,AZA,32,64,6,0.34264,0.386142,802.603473,0.017206,0.017206,6
UST,UST,1,2,7,0.248848,0.267804,0,0.00079,0.00079,0
VEL,VEL,1,2,6,0.321237,0.338457,0,0.002792,0.002792,2
TWF,TWF,1,2,6,0.321237,0.338457,0,0.002792,0.002792,2
PIH,PIH,1,2,6,0.321237,0.338457,0,0.002792,0.002792,2
BLV,BLV,1,2,7,0.242261,0.264378,0,0.000593,0.000593,6
OGD,OGD,1,2,7,0.255319,0.270511,0,0.00037,0.00037,6
RHI,RHI,2,4,6,0.33068,0.351574,0,0.003783,0.003783,2
PLN,PLN,1,2,6,0.310881,0.33892,0,0.003758,0.003758,0
EKO,EKO,1,2,6,0.321237,0.338457,0,0.002792,0.002792,2
IMT,IMT,2,4,6,0.33068,0.351574,0,0.003783,0.003783,2
HIB,HIB,1,2,6,0.330477,0.350648,0,0.003702,0.003702,2
CEM,CEM,2,2,5,0.263415,0.273148,0,0.000075,0.000075,3
KLN,KLN,2,2,6,0.236427,0.243549,539,0.000014,0.000014,3
KYK,KYK,1,1,7,0.191286,0.195401,0,0,0,3
SCM,SCM,3,3,6,0.240749,0.253364,0,0.000015,0.000015,3
MLY,MLY,1,1,5,0.263286,0.272222,0,0.000073,0.000073,3
IRC,IRC,2,2,5,0.263415,0.273148,0,0.000075,0.000075,3
SLQ,SLQ,1,1,6,0.237467,0.244938,0,0.000015,0.000015,3
TLJ,TLJ,1,1,6,0.236842,0.243395,0,0.000015,0.000015,3
MYU,MYU,2,2,6,0.240642,0.252438,0,0.000015,0.000015,3
KUK,KUK,1,1,6,0.240535,0.251512,0,0.000015,0.000015,3
KYU,KYU,4,4,5,0.264059,0.275926,400.933333,0.000075,0.000075,3
WNA,WNA,2,2,6,0.240642,0.252438,0,0.000015,0.000015,3
PKA,PKA,2,2,6,0.240642,0.252438,0,0.000015,0.000015,3
PTU,PTU,1,1,6,0.240535,0.251512,0,0.000015,0.000015,3
CHU,CHU,1,1,6,0.237467,0.244938,0,0.000015,0.000015,3
LUR,LUR,1,1,6,0.239256,0.248395,0,0.000015,0.000015,3
EGX,EGX,2,2,6,0.23705,0.245154,0,0.000015,0.000015,3
WSN,WSN,2,2,6,0.23705,0.245154,0,0.000015,0.000015,3
PTH,PTH,1,1,6,0.236946,0.244228,0,0.000015,0.000015,3
KPV,KPV,1,1,6,0.236946,0.244228,0,0.000015,0.000015,3
IGG,IGG,1,1,6,0.236946,0.244228,0,0.000015,0.000015,3
PIP,PIP,1,1,6,0.236946,0.244228,0,0.000015,0.000015,3
FRD,FRD,2,2,2,0.75,0.833333,0,0,0,5
ESD,ESD,2,2,2,0.75,0.833333,0,0,0,5
AGN,AGN,1,1,6,0.260492,0.268302,0,0.000073,0.000073,11
ELV,ELV,1,1,6,0.260492,0.268302,0,0.000073,0.000073,11
TNC,TNC,2,2,6,0.23968,0.250093,0,0.000015,0.000015,3
HUS,HUS,3,3,5,0.263801,0.274691,134.9,0.000075,0.000075,3
